1qgw,9
1p1q,8
1o75,6
1jx6,2
1siv,1
1irj,18
1lpb,5
1h7f,1
1d7b,9
1g9r,7
1gii,1
1n2e,9
1nf5,6
1a4m,4
1n2z,16
1g6s,11
1efi,5
1h2f,2
1nuq,4
1jbp,5
1mvs,3
1nhe,18
3pro,2
1h41,33
1tvv,1
1f6d,44
1kae,22
1ovd,9
1c5o,3
1keu,2
1g8i,13
1o9l,8
5std,6
1hsr,4
1fmj,12
187l,4
1bup,3
1qip,8
1tio,8
19gs,4
1p39,2
1b5t,6
1fg7,4
1h7n,2
1hw9,9
1k4g,2
1lk7,12
1gqh,19
1oj4,13
1fwv,1
1ib0,1
1k21,5
1lpo,5
1jxn,13
1scf,12
1c1y,2
1j8q,1
1esm,27
1nv5,2
1dig,3
1h2m,3
1f4g,10
1ne7,19
1mfd,1
1icv,16
1cj4,1
1dlg,12
1ghy,5
1a0j,11
1jqy,14
1dgf,10
7dfr,1
1b5g,4
1mv8,11
1fwt,5
1a5b,3
1o2z,2
1h1i,22
1ga8,8
1c3q,4
1bir,4
1kj9,11
1rx1,2
1lzz,3
1el9,9
1mt6,1
1opb,4
1o6z,12
1ju2,12
1p8r,6
1h65,12
1i75,8
1bht,5
1fc4,23
1ici,4
1lyw,4
1f2u,2
1iin,4
1ot3,17
1dr4,2
5cp4,5
1pme,3
1lqv,10
1i05,7
1a0q,4
1gkl,13
1xyc,2
1iv2,6
1amu,4
1hyo,5
1b9i,1
1ele,3
1lhd,1
5fx2,1
1m83,3
1j8v,4
1f7t,21
1fpd,6
1eem,3
1bto,8
1o2d,20
1kqo,6
1my2,8
1qjw,22
1cqx,5
1m2k,2
1yds,3
1ghz,6
1qan,3
1a2c,3
4pfk,3
1c4u,3
1tnd,9
966c,5
1ktp,3
1qpj,3
1ez4,4
1gg1,12
1jkj,9
1isj,4
2bpv,1
1kh2,4
1ltm,2
1fo3,4
1b9t,4
1ah0,2
1h82,6
3fyg,19
1o2i,3
1ivf,10
1jeh,2
1q6n,6
1f8c,6
1jd3,1
1fhd,1
1ewa,4
1inh,10
1hzj,6
1gql,19
1gcz,14
1jep,5
1ldo,4
1gj7,2
1ho4,4
1mjl,2
1lvu,13
1ndp,2
1j3j,4
1pbt,8
1fpg,4
1d6y,9
1d7c,8
5nse,5
1c5p,4
1n9m,4
1ecg,8
3prc,9
1cdo,4
5gsp,2
1b12,5
1nup,5
1l2t,4
3tmk,8
1pg4,10
1he1,6
1dq8,6
5prc,9
1joc,6
1h73,1
6rsa,49
1q99,8
1h1m,22
1jsl,8
1o2n,3
1lf5,1
1qbu,1
1m6p,2
8est,3
1bv7,1
1k9f,13
1ixn,4
1ocj,4
1bo4,3
1m2t,13
1dlv,10
9xia,2
1lb9,2
1jnq,1
1erm,2
1qmq,5
1n2b,9
1hnj,2
1j1n,4
1h3n,6
1m7a,2
1o3b,3
1c8s,7
2cxg,6
5enl,1
1njj,7
1rb2,3
3hoh,6
1kkj,1
1gz5,18
1gqg,19
1lx6,2
1lwg,8
1ltq,12
1xim,4
1gj6,2
1kjj,5
1g8o,1
1kjq,22
1dyh,5
6cp4,3
1p5e,4
1oas,2
1ghe,8
1qis,1
1qbg,4
1hk4,7
1g1b,2
1o2r,4
1ikt,3
1drf,3
1my4,8
1nc3,2
1trg,2
1cdk,6
4gsp,2
1cci,1
5er1,1
1bhn,6
1g6t,13
1i3n,8
1mrs,3
1qpq,12
1nsc,7
1jv3,2
1b6s,4
1bso,1
1c9w,1
1ldy,8
1tco,7
1ke0,3
1m5b,8
1mep,4
1hvi,1
1i2e,2
1bnu,2
1a4g,7
1qtn,4
1el5,5
1aqu,4
1iyo,4
1o2b,5
1na3,5
1ox4,9
1aym,3
1eow,1
1e7r,6
1qf1,5
1c5n,4
3bto,8
1m9m,8
1qi5,3
1dzk,2
1kcc,5
1emd,1
1akv,5
1k8x,2
1ecq,7
1o9v,1
1kj8,10
1tdr,9
2qwf,6
1nyt,15
1dqp,4
4phv,1
1in7,3
1ase,1
1tsd,5
1ds1,7
1kdw,3
1dxr,10
1ht0,4
1iut,1
4lip,4
1qh8,27
1nfu,2
1n3i,3
1l8n,14
1k0l,10
1gco,4
1bu5,2
1qk2,18
1pq6,5
1oxu,50
1e1x,2
1k2u,3
1mdp,2
1m0u,3
1ni4,41
1o2o,3
1jmz,3
2bbq,2
1kie,3
6gsy,2
1f28,4
1gve,12
1h5t,9
1ez1,7
1qf5,1
1ogd,7
1k9e,11
1fw1,2
1d7a,24
1pfk,4
1gsy,2
1ox5,5
1hur,2
1pg3,9
1bex,4
1uc4,6
1e4i,2
1ml6,5
1o8b,9
1pax,1
1ba1,4
1eg5,22
1n20,2
1nzf,4
1oyj,33
1qk0,20
13pk,10
1qpr,6
1ii0,19
1qgu,28
1djx,6
1fjs,8
1msk,2
1kvk,1
5eau,1
1trq,4
1qbs,3
1e6q,20
1bxo,5
1qxe,12
1azs,2
1obv,4
1jxz,7
1ki7,4
1kws,2
1goy,4
1nq0,7
1pxg,10
1kyv,5
1p3d,18
1gey,1
1d8c,20
1ik4,6
1jvn,10
1g1a,9
1l8b,2
1frn,3
1nok,1
9aat,2
1cy1,4
1gi1,3
1n6o,2
1c1x,11
3pyp,1
1fx2,2
1oxv,40
1bvi,6
1kfg,16
1my3,8
1ai9,2
1f4c,9
43ca,4
1gqk,20
1ics,2
1e2d,3
1qr6,28
1kij,4
1iyi,6
1ucn,6
2hdh,14
1h6a,2
1vzb,1
1gy8,8
2izi,1
1d4o,1
2uag,3
1trp,4
1mau,4
1gjc,2
1bvv,1
1fk6,3
1kp3,4
1jq5,2
1xyb,2
1lwo,3
1m6w,9
1mmk,3
1iwb,6
1fsg,2
1g64,2
1dhj,5
1okm,2
1g5c,15
1wbl,19
1l6y,11
1k5s,2
1jol,5
1i1l,3
1daf,2
1ove,2
1mgo,6
1oss,3
1b37,6
1b5q,6
1fpf,6
1p0z,30
1k0i,10
1qmz,4
1lrj,4
1c8r,7
1jjt,4
1oh2,6
1qvj,10
1dpo,6
1yec,5
1a8g,1
456c,6
1ese,1
1nus,4
1ksh,3
2fgi,2
1np1,4
1frp,4
1gvv,4
1f98,1
1n5q,2
1bws,1
1hso,4
1g02,2
6nse,6
1bn4,2
1fv0,9
4dbv,8
1ds8,8
1b8o,2
1m2x,13
1kdg,18
1ng1,11
1ecc,7
1k54,20
1hii,3
1cy8,3
1lsh,7
1qjg,7
1gvy,5
9ldb,6
1nw3,4
1nkh,8
2rti,2
1i6x,4
1qov,4
3vgc,4
1guf,12
1b4e,10
1iby,5
1j06,8
1chw,2
1f12,1
1dl5,11
2qwi,5
1dm8,5
1ive,10
5cna,13
1pgo,2
1h1w,11
1n2g,11
1j8a,7
1e6u,7
1g3m,8
1dz6,6
1pig,7
1m3z,8
7taa,2
1gup,16
1qh1,23
1q9m,8
1b09,5
1ody,1
1p31,21
1jp3,7
1qha,10
1fiw,3
1mo9,4
1elq,4
1d1v,5
1lb8,2
1inw,5
1iiu,2
1nbp,2
1g16,12
2shp,2
2dhf,2
1d3h,3
1hv9,6
1g8m,21
1kzk,10
2izl,2
1gkd,12
1jw0,9
2hoh,7
1pzy,6
1poe,4
1k7h,17
6a3h,8
1i3l,10
1jsz,2
1g6o,14
1gbc,3
1az8,1
1gsq,1
1i7m,23
1qk3,4
1f2e,4
1bq4,4
1jjv,3
1g4k,15
1d4a,4
1d1t,17
1k9s,6
1h3f,7
1dm3,10
1nhu,2
2dpm,2
1jpa,2
1iw6,4
2vp3,2
1l8a,2
1bw9,13
1hs6,5
1p0p,10
1d8t,29
1em6,6
2web,4
1e6x,21
1dg5,2
1m5w,6
1o33,3
1icp,5
1yeg,4
1qrr,3
1ie3,5
1pip,2
1kqp,10
1jrb,2
1n6r,2
1gv4,2
6ald,2
4gpb,3
1enu,2
7enl,1
1c1w,4
1h8y,6
1nxg,6
1n1v,3
1gbl,2
1e8v,8
1dlq,9
1h5s,8
1bh5,8
2mas,4
8atc,4
1ije,1
1ln1,1
1bcs,6
1l9c,3
1iyh,6
1kpg,33
1kvo,12
1nhi,3
1nvr,2
1c29,3
4fbp,4
1ay5,2
1fyf,2
1o36,3
1d4k,7
1hxw,1
1a50,3
1me9,2
1lbb,1
1jji,4
1epq,3
1csn,3
1bav,6
1e2p,4
1poy,4
1b8a,2
1o97,2
1li3,4
1i8j,5
1nx3,5
1xug,2
1j16,7
1eap,1
1qgd,4
1kt8,8
1f8g,34
1f1b,4
6std,7
1mw3,4
1hy7,10
1i5z,5
1rf7,4
1ogj,2
1frw,2
1cy6,4
1mm7,8
1jf7,1
1c1b,2
1hg0,4
1apb,1
1qm5,2
1h5x,7
1a5a,2
1a4q,7
1jso,6
1o23,9
1ch0,3
1het,5
1bit,3
1oxn,6
1ec9,8
1l9b,9
1f99,9
1j53,3
1mzs,2
1evr,10
1n2j,15
3csj,4
1g3e,3
1kr3,4
2std,2
1nzy,9
1m5e,9
1akr,1
1k7w,4
1nd0,8
1i9n,2
1l5f,3
1ev6,10
1nff,2
1i80,3
1gx6,12
1np7,5
1p42,4
1fcb,3
1pgn,3
1g7x,1
1hwi,7
1tvw,1
1ing,10
1bx4,5
1e7w,3
1fpe,5
11bg,7
1kc7,5
1ftm,8
6q21,4
1kbq,4
1ewl,1
1n2i,11
1m51,5
1apv,5
1fxf,7
1qj1,2
1l3i,36
1m2w,18
1los,4
1opm,9
1ecf,6
1byq,1
1g9h,3
1gx1,8
1mud,4
1f73,5
1g0c,10
1mt1,24
1kmq,4
1pow,4
1ds7,2
1iel,3
1dim,1
1fro,8
1bfd,3
1htw,8
1hwl,7
1l4n,2
1ez2,2
1jcm,5
3dbv,8
1nw7,3
1qhj,4
1ah5,6
1n2h,11
1e7b,4
1lwn,2
1ezq,2
1g4j,2
1gtz,16
1b42,2
1nvq,2
1hbj,4
2vgc,3
1ixe,18
1hmp,2
1aq1,1
1dmt,4
1ad4,5
1g3d,3
1udc,6
1dgg,6
1nlv,5
1e7c,7
1n5m,14
1i7i,2
1c8u,2
1gu1,16
1dwv,12
1jrx,4
3gsp,2
1kcd,4
1djn,6
1n71,9
1uc5,6
1nfr,16
1kji,8
1os0,5
1hsz,5
1i6m,10
1aoe,2
1bv9,1
1nym,5
1h46,3
1adl,2
1hb4,2
1aij,6
1tbz,4
1pnl,2
1b4u,2
1ivb,4
1lob,12
1h0g,3
1f4t,5
1fpx,6
1lqt,9
1dlj,4
1ha3,6
1icr,2
1h4g,7
1mi3,4
1fty,2
1ejd,18
8nse,5
1c2t,2
1gm8,2
1bxq,7
1gja,2
2qwe,6
1rx2,3
1udb,5
1o34,3
1lpm,5
3min,6
1jtu,4
1i1k,3
1gx4,5
1jvs,28
3por,2
1m7g,12
1geu,2
1djo,2
1i3k,10
2gpb,1
1j99,5
1dfo,4
1ec8,6
1kr5,1
1ga0,3
1kz8,7
1rgc,4
1uxy,1
1a3g,3
1rab,4
1aed,1
1fnd,3
1qcp,2
1ars,1
1dic,1
1js3,6
1bh2,1
1hdi,2
1h5r,9
1l4m,1
1ka1,2
1onq,7
1ls6,2
1b2r,2
1jrz,4
1el7,7
1k6x,6
1fm7,5
1gpe,10
1ae8,3
1bap,1
1bg2,4
1gj4,3
1lov,2
1muu,35
7aat,2
1b16,2
1hck,1
2adm,2
1ueh,9
1jje,4
1jv4,8
1fj9,4
1mxd,11
1dcn,1
1jcq,3
1k7x,2
1jlr,12
1ewk,11
1e5f,7
2prc,10
1gwc,3
1n6b,3
1a96,4
1tnj,2
1n2s,3
1aiq,4
1eqy,4
1n5i,4
6dfr,2
1m8g,1
5nuc,2
1jry,4
4pbg,2
1o9u,2
1c87,1
2xin,4
1ewj,8
1jg2,2
1bhx,1
2qr2,4
1e7q,7
1fhx,7
2bkj,2
1rx3,3
1jv6,5
1dww,12
1dmj,7
1j39,4
1ed4,10
1n0t,7
1n1m,20
1srg,2
1g60,4
1dih,1
1d2n,2
1hyt,5
4gst,8
1j0a,4
1oaf,2
5gss,5
3drc,5
1eu1,7
1hj1,4
1mbq,2
1nw6,3
1g55,6
1fhw,3
1kya,28
5est,3
1i5q,2
1k7e,3
6acn,4
1f0t,3
1nnk,3
1c5r,4
1l6s,8
1q4s,2
1in8,1
1dku,4
1cvw,2
1b6l,7
1p2s,2
1rpg,2
1e6s,21
1n2x,8
1fta,4
1ghm,7
1jsi,6
1o7p,11
1i19,11
1hdo,1
1lvw,19
1fnc,3
4dcg,2
1eys,7
1fqk,2
1h0v,1
1lpn,5
1n1e,2
1iyp,4
1gpn,3
4ovw,6
186l,4
1nqo,4
1frb,1
1fbp,5
1g32,2
1jac,4
1kwc,1
1kta,10
1p1o,3
1an9,2
1ppa,1
1gqt,10
1icq,2
2qwg,6
1mmw,3
1mw0,4
4vgc,3
1pgt,4
1hu9,1
1wq1,1
1f2d,4
1j54,3
2atj,5
1obh,9
1qji,1
1kdr,5
1h84,6
3lad,2
1o25,4
1bwb,1
1iex,3
1uad,2
1jls,10
1kqn,15
1h7r,2
1dc6,2
4aah,2
1fl2,6
1jx1,4
1lh7,1
1k3a,3
1e7e,8
1hnn,2
1chm,2
1kme,6
2cmk,3
1geb,1
1foj,5
5bj3,4
1hyh,4
1pvd,2
1pvg,22
1kvm,2
1ct9,16
1l7h,10
1cle,8
1inv,4
1cf3,5
1mwe,7
1e5e,9
1zei,9
1e7f,6
1and,2
1a0t,6
1hdr,1
1o2x,3
1jyl,4
1eli,10
1i9h,2
1nfz,3
1fxu,3
1f5a,6
5eug,1
1dyr,1
1a6v,3
1dmk,6
1fcj,12
1c1r,5
1asc,1
1dm2,4
1elb,3
1kdt,5
1meh,2
1q6s,6
4lbd,1
1vgc,3
1qf0,5
1edo,1
1ke3,3
1qm8,5
1ikg,1
1bzy,4
1i5r,2
1p1u,3
1oyo,3
1aka,2
1f8b,6
1o3a,2
1ga9,5
1m0l,6
2min,6
1a9m,1
1gm9,11
1pz4,1
1k1l,2
1kqb,4
1i1d,5
1bzs,5
1hor,4
1k2i,2
2qwk,6
1d0o,7
1rx5,1
1ahe,3
1bo6,2
1trn,4
1jdv,6
1sox,10
1b8v,1
1cza,3
1k70,1
1hxd,2
1gm7,17
1cbx,1
1ish,4
1kgb,6
1ll2,1
1doh,2
2rtf,3
1dm7,7
1axg,8
1m9n,6
1cy2,3
1dqe,2
1nm1,4
2h4n,2
1jpn,8
1h2y,6
1m9k,3
1qkm,1
1gcd,4
2csn,3
1hm9,8
2sqc,6
1dz9,6
1ivd,10
1tkb,2
1e9e,2
5xia,2
1i83,5
1k4m,3
1f2b,1
1h2s,2
1dna,4
1n52,15
1gqr,3
1ek4,4
1ohb,2
2ay3,2
1h2b,5
1p2u,4
1b6j,9
1f4d,9
1owe,3
1ct1,3
1fd0,2
1n6n,2
1koj,2
1mdu,10
1brw,7
1l7f,9
1oh0,3
1pt8,9
1icu,4
1ib6,6
1nhx,5
1ihu,9
1e8z,1
1ksk,5
1be6,10
2ay4,2
1ra3,3
1p1r,9
1d4h,1
1azt,16
1mp0,11
1eqc,1
1kre,8
1azl,1
1trm,4
1jqe,3
1ep4,2
1a53,1
1dii,6
1l4l,1
1m15,2
1fgi,2
1c5c,3
1dze,5
1eby,1
1pvc,2
1ki3,3
1o29,2
1qiq,2
1bc5,2
1elc,2
1q5o,7
1msa,12
1kts,2
1lpg,2
1djw,8
1m2h,2
1h07,2
1k6p,10
1m1o,6
2por,6
1q43,14
1c3b,2
1d7l,3
1m40,7
1eh5,4
1qg0,2
1n5r,7
1guy,7
1gi3,2
2bza,3
1cq1,6
1he5,1
1kvr,7
1ii6,4
1ub3,4
1lt5,5
1eje,3
1eyq,7
1kq4,12
1bj5,4
1oqn,2
1e7g,6
1l3r,5
1jnr,10
1nsf,1
1oyf,4
1g45,2
1akb,1
1mb4,2
1ee2,4
1i7y,3
1fs4,1
1b6k,8
1m98,3
1fx9,7
1ocb,6
1ipe,2
1p5r,2
1nvu,6
1gjm,2
1m21,2
1gw1,5
1b6m,7
1uma,3
1ek6,7
1okn,2
1afe,3
1ckm,2
1kvs,4
1anc,3
1f50,7
1hjo,2
1dak,2
5yas,5
1tph,2
1i7g,3
1gjw,5
1ox6,8
1got,8
1eyr,10
4pgt,8
1hw8,6
1nuc,1
1iah,5
1eyx,12
1cm8,4
1im8,12
1kwr,1
1f0x,2
1lrl,4
1k6s,5
1ivc,10
1kar,14
4gsa,2
1jbw,3
1oaa,3
1nyy,1
1b8u,1
1oqm,6
1pxc,1
1ep3,3
1pbd,1
1e2k,4
1g9v,8
1np0,8
1guz,4
1ih7,3
1jm6,2
1h11,4
1i58,2
1m7p,2
1upf,13
1k0y,7
1am1,1
1jqn,2
1gd9,2
1m64,4
1gal,6
1mze,1
1o3i,2
1q0c,4
6gsx,3
2qwj,6
1q61,3
1eoj,1
1a85,4
1e1t,7
1lqp,6
1dqa,4
1ig3,13
1h5u,2
1rmh,3
1l5w,2
5fwg,6
1ddu,4
1hwj,10
1b9z,6
1nzd,3
1cru,7
1jh7,5
1djq,6
6prc,9
4fua,3
1if5,2
1hyu,3
1k4c,5
1guq,16
1drb,5
1g9b,3
1dg7,2
1the,2
1f1v,2
1qd2,1
17gs,5
1cwu,2
1gg5,4
1bwc,3
4blc,8
1nwg,4
1h2k,3
1kv5,8
1lwl,1
1e4e,18
1jhm,3
1c2i,4
1km1,2
1m00,3
1max,2
1mr3,12
2usn,6
1a2k,4
2fvx,1
1n5t,1
18gs,4
1e3s,4
1hps,1
1rag,4
1b4p,5
1srf,2
1l9k,5
1glq,2
1ml3,3
1dbv,8
1rk2,16
1jgt,6
1lo6,2
1uby,1
1bl5,2
1jcn,2
1fj4,4
1i76,4
2dbv,8
1bd4,8
1jqx,7
1nfx,2
1hb1,2
1b6p,8
1j07,8
1e2i,4
1od1,3
1jsn,6
1uda,5
1jfh,6
1b9h,1
1ed5,9
1gsj,6
1el8,5
1kbi,9
1jmf,1
1qqm,3
721p,1
1gaf,1
1o0r,9
1o2t,3
1kyy,10
8a3h,10
1f0u,2
1oyn,9
1q97,5
2tct,1
1n2f,2
1mq5,5
1lo0,2
1dv3,10
1raf,4
1o38,3
1sre,2
1lin,6
1p7t,6
1ld8,2
1n46,2
1nn5,2
1dg1,2
3dfr,1
1lqu,10
1bma,3
1ktg,4
1gxz,2
1lgx,4
1h8p,4
1moq,8
1j7k,4
1hvy,12
1amw,1
1o76,6
1ewf,2
1djl,4
1adb,4
1dv2,2
1omz,4
1d4l,6
1n6p,1
1xva,2
1fp6,6
1g3b,3
1idt,2
1dqy,3
1fby,2
2cpp,1
1fr8,2
1axe,4
1kqf,8
1ykf,4
1atp,3
1hih,3
1odm,4
1b4s,3
184l,4
1at3,2
1o3g,3
1fsw,3
1kel,1
2gsp,2
1pyd,2
1m7h,16
1mn7,2
1iyk,2
5bj4,3
1h2j,4
1ey3,6
1aog,4
1lrh,8
1kbc,8
1f4z,8
1nco,2
1f06,2
1yej,4
1tti,1
1f8d,6
1a0f,2
1f74,6
2prg,2
1ecj,2
1nl5,2
1b3a,6
1lkd,3
1q3e,2
1h18,16
1iwi,1
1gky,3
1e7h,6
1iih,1
1m78,2
1hrn,4
2tio,4
1set,2
225l,2
1fdj,8
1gxa,1
1fiq,5
1gzf,6
1i3f,2
1o3e,3
1h2l,3
1qfl,10
1jqh,6
1f3t,4
1c5t,2
1mg0,8
1ej4,1
1lny,2
1mi4,13
1jiu,1
1d1j,6
1iv4,6
1gwr,2
1e0v,1
1oxq,6
1n13,12
3mdd,2
1d0c,6
1eyn,4
1m6y,8
1ejb,5
1ent,3
1fwk,4
1njs,5
1nzc,6
1jnk,1
1rx6,3
1lon,1
1mdr,1
1jak,6
1e8w,1
1kvl,4
1nhb,4
1xli,2
1amr,1
2rtd,2
1i7z,2
1akd,2
1ppm,4
1pox,6
1b8y,6
1a86,4
1f6b,7
1mmv,3
1hpo,1
1sdk,5
1l9w,4
1grf,3
1bjp,5
1qhg,1
1uay,2
1nd6,16
1mm6,7
1be4,3
1czr,1
1n92,5
1is2,2
1lug,3
1bji,5
7nse,5
9ldt,6
1f9w,2
1cw2,3
1eq9,2
1mdo,10
1a05,2
1f76,26
1iqr,2
1qop,3
1i0x,9
1trk,2
1nvv,6
1mfi,3
1g0i,4
1pph,3
1gd1,8
1lod,12
1f48,10
1o35,3
1kli,6
1swd,2
1cel,7
1j09,1
1n1t,3
3xim,4
5pah,1
1dad,1
1o3f,3
1kor,4
1ddr,10
1n22,2
1mp3,4
1l6g,2
1k7l,6
1dek,6
2qwh,6
1j1z,4
1fh9,1
1ado,4
1lhw,3
1ti7,13
5gpb,3
1jg0,4
1kec,2
1nhg,2
2pva,4
1pxb,1
1nsg,1
1c9u,8
1jsh,6
1nnc,5
1o2l,2
1mdx,3
1f4f,9
6tim,1
1eau,3
2scu,4
2pcp,2
1f07,10
1jub,9
2wec,4
1dxo,4
1gra,3
1cxv,8
1fg3,3
1aic,2
1agw,2
1fmo,3
1aor,3
1jtk,2
1p1i,2
1ipf,2
1pvn,18
1qbr,1
1dmh,3
1p61,2
1ms7,8
1gni,6
1tcc,2
1fdq,2
1j7u,2
1j21,8
1l2e,2
3lpr,2
1n49,2
1bn3,2
1tsl,1
1lbk,5
1g2o,3
1kby,4
1p1k,2
3cox,1
1kdm,2
4mdh,4
1c9k,5
3pgt,10
1nr6,3
1j49,2
1lbt,4
1qfs,1
1a28,2
3nos,3
1k7f,2
1jvj,6
1gsi,7
1iwe,4
1ct8,2
1l5v,4
1cf2,8
1a5g,4
1dss,2
1ck6,5
1f9v,2
1bh6,3
1b7a,2
1ay6,2
4tim,1
1b15,2
1dfi,4
1k3l,2
1o3j,2
1nn0,3
5bir,4
1fqd,1
1cc2,1
1c0f,4
1fjj,5
1hzz,2
1jcr,4
1kyq,21
1zpr,4
1fa2,2
1eex,4
1syn,4
1egv,4
1uc9,2
1ms1,2
2bif,9
1c2h,3
1f9h,2
1dx6,4
1lqe,3
1kw9,1
1ra8,2
1f0s,2
1tnl,2
5cpp,1
1awb,4
1b8n,2
1hrk,4
1tox,2
1i0s,1
1nsd,7
1fwy,6
1kh3,4
1c1u,3
1dxy,2
1n6x,5
1jv7,7
1ahi,2
1c27,2
1f9o,3
1gkz,5
1hyf,2
1ma9,2
1rb3,4
1tad,9
1kew,7
1jkl,1
1alw,10
1fvg,4
1krf,8
1aia,2
1raa,4
2gpa,4
1i7l,2
1cy7,4
3cd2,1
1dy4,6
1qlu,2
1tsx,1
4uag,3
2ay9,2
4dmr,1
1n9b,3
1jcj,2
1qll,2
1n3z,3
1f3a,2
1inf,4
1rpj,3
1dm6,5
1upu,8
1mtu,2
1phd,1
1qmh,3
1gpk,4
1ewo,1
1dty,6
1gae,2
1k6v,5
2nad,3
1cq7,1
1o6l,2
1bx0,3
1mgp,6
1jsr,9
2can,3
1ex7,3
1rls,2
5ukd,1
1hnh,7
1iye,3
1eyz,6
1jlv,6
1nv7,4
1e6e,9
3ptb,2
1jh8,3
1iyb,2
1k6t,5
1os7,4
1iny,5
1oc7,7
1jvd,2
1xie,1
1nhq,2
1mxo,3
1gzg,8
1g53,2
1gdd,2
1phn,3
1l5j,2
1m9h,2
1fxh,2
1pbo,2
1lcw,2
1fnb,3
1gww,2
2bvw,13
2tmd,6
1axw,4
1ii7,5
2rtq,2
1k5q,2
1foa,3
1sli,1
1cwq,9
1f3e,2
1j15,3
1cpc,6
1otj,6
1cip,1
1f6t,3
1efh,2
1qbq,5
1rob,1
1nue,6
2pri,2
1lqy,2
1h9a,2
1mf0,1
1h1q,4
1i0l,2
1o3c,3
1cx9,3
1df7,4
1ndj,4
1ep1,3
1ydr,3
1cs4,6
1daw,1
1gv0,2
5grt,2
1i9o,2
1fki,2
1kqc,4
1fur,2
1l1q,3
1f7q,2
1lxc,2
1ix1,4
1f8r,12
1fgy,3
1it8,5
1o8v,3
1mfe,2
1gr1,2
1c24,2
1kg9,9
1ypn,1
1rac,4
1b0o,1
1tsn,3
1kr2,6
1g0o,4
1jom,5
1hiv,3
1lcp,10
1l6m,6
1sue,2
1p1j,2
1g48,2
1p8i,6
1l9d,2
6enl,1
1k6c,6
3aid,1
1ejh,4
1o3l,3
13gs,5
1i6k,12
1kgz,4
1mvt,3
1igj,2
1n07,4
1com,9
1o57,12
3gst,8
1rne,2
1lv8,9
1gua,2
1de5,4
1kn2,4
4std,3
1jqd,4
1n08,2
1g98,2
1lps,5
1ko8,2
1dqn,3
1c2k,3
1dlm,3
1qsm,2
1fh0,3
1p2g,2
1oat,3
1i6l,13
1c8l,5
1dtl,4
1iqu,2
1a9z,5
1ion,7
1e8x,4
1ius,1
1kv9,4
1b1c,2
1mqd,8
1h08,3
1bvd,1
1kzp,2
1f8f,4
1hmt,1
1ce5,3
1yaa,5
1jla,2
1ks7,4
1ane,1
1z1h,8
1eve,5
1lwx,3
1mxu,8
7gss,4
1e3d,14
1e3i,4
1exv,8
4ukd,1
1gxs,8
1naa,7
1p0e,2
1ekf,2
1rms,1
1dry,8
1nai,5
2tcl,5
1ke8,1
1cbf,3
1ker,5
1n6i,2
2dri,1
1zzz,2
1p6c,4
1hww,3
1mly,4
1heu,4
1ngs,2
1oc4,4
1fla,1
1jd0,2
1lhv,4
1g6k,4
1jvg,2
1ohk,1
1fp4,6
1fpu,2
1dkq,3
1ia2,2
1udh,2
1fk0,3
1cr5,6
1qfz,3
1mp4,2
1fj6,2
1aky,1
1nr5,5
2pka,2
1m5f,8
1jgu,1
1ia9,5
1fcy,2
1xka,3
1i1m,3
1e9f,3
1llr,5
1cul,7
1nq5,4
1ad8,3
1k2y,1
2bat,5
1dqs,3
1d4p,5
3gpb,2
1mtc,2
1nn1,2
1n8v,2
1qh5,2
1cqs,2
1gse,4
1dd4,2
1ldm,2
1now,8
1d7r,3
1h1p,4
1cgh,1
1eg9,6
1mfp,3
6gss,4
1gvo,1
1tps,3
1gjd,2
1li4,3
1f7b,3
1b5e,2
1ohl,2
1dfh,2
6gst,2
1d8d,4
1h0p,1
1ami,1
1qi4,3
1af7,1
2rtk,1
1m7d,1
1aaq,1
1in5,1
1he4,1
1ekv,2
1l9n,10
1kep,5
1l4g,1
1nuz,2
1jsv,1
2ypn,1
1ju3,1
1dht,1
1lt8,4
1ksu,4
1m2z,4
1e9x,1
1gox,2
1cyd,4
1gpu,2
1ajk,5
1m0n,3
1c22,2
1lrk,5
1kvu,5
1fy6,4
1o4s,11
1npw,1
1gz1,4
1ix8,1
1o1t,2
1dgh,6
1qgq,1
1bvy,6
1dvj,4
1ejj,1
1sbg,1
1jra,4
5hoh,6
1mjt,4
1dbo,2
2tsc,2
1kck,6
1d7x,10
1lij,1
1o2g,3
1meg,2
1dap,2
1xui,2
1qk5,2
1yei,4
1a9y,5
1c1d,10
821p,1
1iyq,4
25c8,1
1cea,2
1e7a,4
1d4s,1
1d3v,2
1cnq,2
1hzp,8
2sim,1
1bbp,4
1dbt,3
1nf0,4
1bnw,2
1lrq,4
1f8e,6
1o98,7
1n4a,6
1qk4,4
1cgz,1
1obc,4
1mg1,3
1nvs,2
1npv,1
1i72,2
1mqq,10
1n23,2
1qdr,2
1d1s,17
1lnm,1
1mvc,1
1c5q,3
1a4i,2
1gw6,4
3rhn,1
1gis,1
1gx9,1
1qpb,3
1m8d,5
1ksn,2
1d4j,1
1cvz,1
1dz8,6
1amk,1
8gpb,3
1nhw,2
1itz,3
1gi0,5
1pb8,1
1ehi,1
1nv1,2
1h7q,2
182l,4
1qg6,4
1h52,1
1ke9,1
1bof,2
1h5v,12
1oxo,2
1i90,2
1pbq,2
1ia1,4
1bjg,2
1gno,1
1nmz,2
1p77,2
1av5,1
1lde,8
1pjk,2
1f5l,2
1bju,3
1yek,4
1scn,4
1p6o,7
1qur,2
2tpr,2
1dgb,6
1b9v,4
1in4,4
1j79,3
1g52,2
1d3d,5
1njf,8
1swt,2
1i8z,2
1rx9,3
1jhu,3
1as0,2
1nu3,8
1p0h,2
5acn,4
1eko,2
1ag9,12
1eu8,4
1qho,7
1e6w,4
1jwv,6
1h1r,4
1gee,4
1nd4,6
1nqa,4
1e7s,5
1f4e,8
1cfv,4
1ie4,2
1gwj,1
1oit,1
1orr,5
2qwd,6
1c1v,3
1tc1,2
1qfy,3
1d1g,2
1i3m,7
3fx2,1
1czh,4
1pyy,3
1d4x,4
1fpi,4
1i9p,2
1ize,3
1o2j,4
1bzj,1
1a54,2
2pax,1
1doe,2
1dia,2
1apt,3
1me8,2
1noo,1
1aux,2
1o3m,3
1ouk,2
1k8z,3
1nxj,6
1qpk,3
1fk7,2
1m4d,3
1mxi,2
1fqj,2
2ypi,2
1g4v,1
1k1m,2
1vpe,2
1mdc,2
1rth,2
1ppc,2
1red,3
1mes,1
1nfs,4
1n5k,5
1bnt,2
1n5d,2
1g69,2
1n5l,5
1ggn,2
1vzd,1
1cpu,5
1be8,2
1gsn,5
9gss,5
1jj9,4
1kzi,10
1ccw,2
1gs4,2
1e5j,5
1o9j,6
1kzo,3
1els,1
1n6a,7
1h68,2
1szj,4
1n7g,4
1gbm,2
1tdu,4
2cst,2
1fxq,2
1dod,1
1k0c,4
1rae,4
1qj5,4
1nlk,2
5rhn,1
1oxm,1
1men,3
1ca7,3
1ndh,1
1q0s,1
1i79,2
5abp,1
2tsy,3
1d1y,5
1llf,6
1gbn,3
1ek0,3
1i36,2
1o2q,3
1j3k,4
1h78,2
1rca,1
1p03,2
8gss,7
2lig,4
1hvr,3
1gkc,14
1nec,4
1bnq,2
1k8y,3
1je1,6
1qfm,11
1ix6,1
7acn,1
1mq6,5
1m5c,1
1oge,7
1nms,2
3pah,1
1ses,2
1i2w,3
1j96,2
1l8p,4
1gnq,1
1tdf,2
1dls,1
1gp2,1
1j36,2
1j2j,3
3amv,4
1lpk,2
1lkc,4
1foi,5
1d5r,1
1ekp,2
1qr2,4
2lpr,2
1lgt,3
1qlh,2
1yet,1
1kpm,5
1zap,2
1o1s,2
1h7t,1
1try,2
1osf,4
8cgt,3
1m2g,2
1p3w,2
1fww,4
1vze,1
1qg4,2
1cbs,1
1ngb,1
1hxp,8
7tim,2
1jki,2
1h69,4
1lbz,4
1pkd,4
1bt5,9
20gs,4
1kaz,4
1dnc,3
1mgy,11
4eng,2
1sln,5
1e1v,2
1f3d,3
1kce,4
1h72,2
1fgg,2
1k4d,5
1c1e,2
1g8j,6
1g6n,2
1ocm,2
1n9n,1
1fbh,2
1yef,4
1ioz,1
1pd2,2
1k8c,4
3cgt,3
1aqy,2
1d6s,2
1gbt,4
1nv2,2
1onp,2
1q6y,8
3grs,2
1frq,3
1abf,1
1ahb,1
1k08,2
1fpc,2
1q8y,10
1l7g,9
2ae2,2
1e9a,2
1n55,5
1gfi,1
1nmu,2
1ppi,3
1a9q,2
1gx0,4
1ki4,4
1dr7,2
1kfc,3
1l8j,4
16pk,2
1d4i,1
1huv,2
1g2w,2
1hj8,3
1j1a,3
1c0g,4
1izo,3
1f9u,1
1jtv,2
2lh6,1
1g9j,4
1ej1,2
1fsy,3
1f3l,1
1gbh,3
1jpz,4
1ref,3
1fw9,1
1h7o,2
1oo5,2
1esq,4
1h5n,4
2rtj,2
1jdj,2
1hwk,7
1kw1,2
1jay,4
1cvu,13
1fk8,2
1n6y,5
1h0s,6
1h8i,2
1jdt,3
4hoh,6
1dif,3
1lor,1
1hp5,4
1kds,2
1fk5,3
1klt,1
1i8t,2
1lot,7
1g30,2
2amv,3
1d0v,1
1lfd,2
1qgf,3
1yee,1
1ajp,2
2tmk,4
1qhx,1
1f9a,6
1pq9,4
1mzu,3
2acs,1
1o2a,2
1g27,3
1egh,6
2rth,2
1cin,2
1xih,1
1ddg,3
1no9,3
1mqg,5
1fuy,3
1b5p,3
1rh3,1
1axz,4
1gpy,2
1dg8,2
1nq2,7
1qpe,5
1gg6,8
1m4g,2
3gss,5
1c83,1
1hf6,5
1aku,3
1md4,4
1k3y,2
1ari,2
2hgs,2
1e2m,4
1noj,2
1fcx,2
1ozp,2
1c2j,4
1c70,1
7tln,4
1a4h,1
1jgi,1
1mqj,2
1kp2,4
1kvq,4
1iep,4
9est,3
1lfo,4
1d6w,4
1ky8,2
1jue,9
1zin,2
1jfg,3
1m0q,3
1lif,1
1qbv,2
1duv,4
1xkb,6
1ia4,2
1nis,1
1j32,2
1mbz,2
2gsq,2
1mrg,1
3mct,2
2qwc,6
4upj,1
1if6,2
1e4y,2
1lj8,9
1uag,4
2sfp,2
1mew,2
1ej2,1
1mky,8
1odn,2
1ixo,4
1kg8,4
1lgw,4
1lri,2
1d0z,1
1ig1,1
1iwn,3
1ezf,3
221p,1
1lbf,1
1ju9,6
1g7t,1
1kny,1
1e5d,4
3ca2,3
1bn1,2
1i9m,2
4cd2,1
1o2m,3
1ahh,2
1oon,2
1gyy,2
1j37,2
1d6u,11
1nfy,2
1g7w,1
1ukz,2
1ggd,2
2cgr,1
1oe8,2
1p2b,2
1f9t,1
1dzm,2
1iim,4
1h94,1
1khh,2
1a95,4
1g2a,3
1z1r,7
2trs,3
1e5v,4
1qra,1
1ctr,5
2q21,1
1n24,2
1d09,4
1oqc,4
1dui,2
1jtq,4
1vpt,1
1pxa,1
1esv,4
1ahf,2
6csc,2
1k4v,4
1hz1,2
1byu,2
1giu,1
1aid,1
1dug,2
1cte,2
1c5s,8
1l4h,1
1dgm,2
1bxg,4
1hn4,6
1xel,4
1ra9,1
1ocq,4
1b0k,1
1tde,1
1nmd,4
2izf,3
2aad,4
1k2t,3
1b9s,4
1ewm,1
1l5o,1
1aef,1
1c9y,1
1qb8,1
1eft,1
1gmy,2
1c8v,3
1vao,2
1qhp,7
1nli,1
2wsy,2
1aj2,2
1fm4,1
1j0e,4
1nv6,2
1efy,1
1ozq,2
1bmd,2
1mor,1
1gn8,5
1qgz,2
1yag,3
1jbu,2
1est,2
1e2l,3
1qje,2
1c6y,1
1dra,5
1bk0,2
1f0y,2
1kw0,1
2oxi,4
1qkj,1
1m2r,1
1lzj,5
1gi5,4
5nul,1
3grt,2
1evi,2
1a71,4
2ncd,5
1mjb,1
1bxs,4
1i52,2
1g2l,2
1dds,5
1ubs,2
1d1q,3
1nyw,2
1qir,1
1os1,1
1opk,3
1kbo,4
1kss,2
1lpp,5
1kw8,1
1bk9,3
1uke,1
2dap,1
1fw0,1
1tys,2
1nfw,2
1b6t,3
5bu4,2
2dab,2
1j7l,2
1hpv,1
1xzm,1
1ed6,5
1esw,3
1jg4,1
1dhi,5
1cg4,1
1dlr,1
1rkd,4
1ddt,1
1f8i,4
1f17,2
1sgc,1
1p0f,4
1a46,4
1jil,1
1tar,2
1tnk,2
1k2v,1
1bty,2
1nsa,4
1dqr,2
1bzm,1
1cgl,5
1mmf,4
2bu4,2
1kv1,1
1tpp,3
1qsn,1
1kou,2
1oya,1
1ma0,8
1l2s,3
1aht,2
1mk5,2
1ljn,3
1kb0,6
1b7y,2
1p62,2
1i0i,2
4gr1,3
1e9h,4
1ei1,5
1dth,4
1bvc,5
1e8g,2
1p60,4
1d8a,2
1i6t,6
1uaq,2
2qwb,7
1lvk,1
1o2v,3
1awf,2
1kpf,1
1ld7,2
1nft,4
1jnz,6
1el3,1
1asm,2
8acn,1
1nhz,4
2src,2
1oz0,6
1d7s,3
3std,5
1kyz,6
1fth,2
1a5z,5
2aid,1
1nw5,2
1mka,2
1h4i,2
1n6l,2
1de6,4
1e3l,4
1f5n,1
1qa7,6
1h66,4
1i59,2
1nga,1
1px6,4
1f0l,9
1dlk,5
1nfq,4
1m9q,6
1kgj,2
2rtg,4
1gi4,3
1qqo,3
1q0n,5
1bqo,10
1p0b,2
1qf2,6
1c1t,4
2yhx,1
1f91,8
1qds,1
1lrw,2
1exa,2
1gre,3
1m4a,2
1gwq,2
4tln,4
2drc,5
1i13,2
2izj,1
1i1n,1
1bx6,3
1o2w,3
1n8u,1
1fd7,10
1ai8,2
2tod,4
1ev4,6
1qh6,4
1bqe,2
1mer,1
4tmk,1
6gsw,3
1ko5,2
1bjv,4
1hsh,2
1asn,4
1f0p,5
1iuu,1
1hdu,4
1kt5,1
1aob,2
1swr,4
1cil,1
1pdh,1
1bq6,2
1ep9,1
1g54,2
1dz4,6
1l1e,4
1lhn,3
4gss,4
1m2o,4
2rtl,1
1b0j,1
1c81,1
1p1w,4
1czl,1
1m43,4
1l9e,2
1m79,2
1g63,12
1d6f,2
9cgt,3
1ghv,3
1on6,4
1bwa,1
1c3j,1
1oyt,4
1o32,2
1rx4,3
1e1y,4
1hnd,1
1e2e,2
1wht,4
1dyi,5
1qpg,2
1g9c,3
1hf3,4
1nmq,2
1lhu,2
1qjd,3
1mzn,4
1nuy,2
1lox,1
1gue,2
4est,4
1afs,2
1h4w,2
1hfq,1
1ay4,2
1nnp,4
1qkn,2
1mmd,1
1iov,2
1ja1,3
1oi0,4
1flm,2
1jlu,4
1fu7,2
1sup,3
1eb9,2
2ada,1
8aat,2
1bxk,2
1ohj,1
1eed,1
1o31,2
6gsu,3
1lru,5
1elu,4
1a59,1
1i5a,2
1gy9,3
1a4w,4
1n2v,2
1d3p,5
1gmh,3
1odv,2
1ifx,2
1ydd,2
1ciz,6
1ajs,2
1nww,3
1b8d,10
1lf2,1
1ci9,2
1c96,1
1qqn,3
1qlt,2
1j3i,4
1aj7,1
1nah,5
1m1b,2
1a0g,2
1scu,3
1eup,1
1d5c,4
6atj,3
1swg,4
1qiw,11
1aur,2
1cg6,1
1tip,2
1dli,4
1eg2,1
1ng4,3
1kqd,4
9lpr,2
2pgt,5
1mh1,1
1ets,1
7gsp,2
1p6e,1
1luq,4
1ftl,2
1kdn,3
1ex8,2
2pia,2
1ebg,2
1rhl,2
1dtp,1
1kol,6
1mgv,4
1bu4,2
2rte,3
1g6i,4
1gtk,1
1bul,4
4thi,2
1bp1,2
1ec3,1
1pnm,2
2izg,3
1yvn,3
1l6i,2
1c5u,4
1ps9,6
1i0r,1
1eol,1
1g0n,2
1k0a,2
1uip,1
1e2f,2
1arg,2
1m8j,1
1mdq,1
210l,2
1dog,7
1lua,3
1aeg,1
1a78,3
1ckn,2
1bgn,1
1stc,3
1o9s,2
1l2i,5
1llb,1
1e3e,4
1b14,2
1mh5,4
1d6j,1
1ibj,3
1dhf,2
1ghx,5
1id0,1
1gck,2
1krr,3
1lth,4
1lwd,4
3dhe,1
1h1s,4
1ea1,1
1g9a,3
1ogi,2
1g4s,2
1nb9,2
1hee,4
1k27,1
1aa6,2
1dmy,2
1lj1,4
1mj7,1
1vj3,1
4erk,2
1kic,4
1vdc,2
1vfr,2
1f7p,2
1qsr,1
1ix7,1
1iso,4
1mwm,2
1jt1,6
6lpr,2
1tpw,2
1k6m,6
1jbv,2
2trt,1
1fce,3
1fr6,2
1ahy,2
1gex,1
1ia3,2
1lce,1
1t27,1
1mja,1
1b02,1
1mma,1
1j78,4
1o2k,4
1o2s,3
1fin,2
1inx,5
1n43,4
1aeh,1
1if8,2
1gi2,3
1d1x,5
1jcl,2
2tbs,2
1c80,1
1nhp,3
1gbd,3
1dio,4
1f5f,5
1bmq,1
1if4,2
1bcd,1
1j91,2
1b5o,3
1tcb,3
1i91,2
1h7h,2
1fk4,3
1lp6,2
1i4d,1
1b39,2
1swk,4
2ukd,1
1a3l,1
1okl,2
1doc,3
1d7d,9
1fhv,1
1gi6,4
1cbk,2
1jcy,3
1ydb,2
1nf8,2
1ee1,2
1el4,2
1knr,3
1lh0,2
1g5a,3
1gsu,2
2udp,4
1c9d,3
1gsp,2
1gvg,4
2ohx,4
1bzl,4
1h6c,2
1egm,4
1jf9,1
1lev,4
1n4k,1
1kw6,3
1isi,4
1jcs,3
1bio,2
1fln,1
1fk3,2
1eyw,2
1h23,3
1iem,3
1c7s,5
1n06,2
1buc,2
1m4i,3
1ttp,3
1fh8,1
1mkv,1
1e2g,2
2fx2,1
1m7o,2
1cde,4
1tlc,4
2rtn,2
1dkp,3
1tmk,3
1hox,2
1pob,4
1vbt,3
1dqx,4
1c1q,4
1k3u,3
1mlz,4
1k22,5
1ms0,2
1c0i,1
1jiv,2
1aix,2
1jj0,1
1c1n,2
1bks,2
1hb3,2
1c2e,3
6jdw,1
1xzl,1
1fy7,1
3had,2
1hvs,1
1ojz,1
1ghw,3
1g4u,1
1fl3,2
1k7d,2
1h81,6
1hld,4
2bef,3
1ket,4
1ej0,3
1hxc,1
1ekx,5
1yoo,1
1bq1,4
1j6z,8
2gyi,2
1drt,1
1i7c,2
1nm6,2
830c,6
1mrq,2
1b8g,2
1hq2,5
1aj8,2
1o2p,4
1hye,1
1bmk,1
1g9q,2
1d6z,9
1k1y,6
2nap,3
1h7p,2
1a5s,3
1jqv,6
1fup,4
1jzs,3
1swe,4
1qcj,2
1rpf,1
1bt4,1
1nav,2
1p9l,3
1a9r,2
1esb,3
1c3w,6
1lzx,3
1did,4
1kph,4
1mtb,1
1caq,6
1bru,1
1g35,1
1eoc,1
1jha,1
1ngp,2
1g3c,3
1add,1
1lh6,1
1tpc,2
1ryc,1
1fec,2
1akt,1
1i2k,1
1k06,3
1qfe,2
1nut,4
1rks,3
1fqg,1
1oz1,1
2ay6,2
1o28,1
1fvx,1
1rah,4
1ats,1
1ie8,1
1pdz,3
1nv3,2
1jny,2
1ini,1
1p5z,2
1n5s,2
1qkt,1
1oad,4
1mos,5
1pbb,1
1ba0,3
1fo2,4
1pmq,1
1p2d,2
1g74,2
1dd6,3
1hqg,3
1fp1,1
1lcb,1
1tyw,1
1gwn,2
1hfs,5
1jio,1
1c1c,2
1hon,1
1e2j,4
1qga,3
1qo8,2
1d9i,4
4xia,2
1db4,2
1c7e,2
1epr,2
1ai5,2
2acr,1
1nrj,3
1byg,1
1ppp,2
1i7b,2
1cw4,2
1lol,2
1it7,5
1px7,5
1kt3,1
1obg,4
1ep2,3
3csc,1
1qhf,4
1kev,4
1lo3,2
1c3x,4
1cmp,1
1qus,3
2fdx,1
1d6v,5
3bls,2
1dbg,1
1e2n,3
1jv1,2
1bdb,1
1eix,4
1h83,6
1bif,4
1bnn,2
1h86,6
1qj6,2
1jdz,3
1bkj,2
1br5,1
2cut,1
1i9g,1
1fx1,1
1ksl,5
1beu,3
1nx8,3
1fea,4
1hdg,3
1bil,2
1l5m,1
2gsa,2
1kmj,2
1csh,1
1vm1,3
1ct5,2
2ay5,2
1gnn,1
1g72,2
2bpy,1
1dej,4
1qf4,1
185l,4
1lho,2
1nhh,6
1lss,2
1n7h,4
5ull,1
1kax,4
2acq,1
1yyy,2
1bcu,2
1lwj,4
1c3v,3
1mzc,2
1e6r,6
1cl2,2
1ruv,2
1jb9,1
1m5d,3
1q6t,3
1e9d,2
1o6y,1
1j1f,1
1g46,2
1d7u,3
1dr6,2
1eqj,1
1fmc,2
1g5y,2
1drj,1
1qoq,2
1xzk,2
1nv0,2
1jkf,2
1o27,2
1c0k,1
1a9s,1
1cd2,1
1lcv,2
1ki6,4
1fjm,6
2fap,1
1gvr,1
1ki8,4
1aqb,2
1hqp,1
1cmc,4
1h7l,1
4csc,1
1pjc,1
1kzl,2
1nhr,3
1mx3,1
1ac4,1
1opj,4
1ec0,1
1n6h,2
1iic,2
1k4h,2
1fnn,2
1oyq,2
1tcw,1
1dpf,1
1phf,1
1qd1,2
1b4k,3
1f57,1
1lr4,1
1qa0,2
1ih8,2
1ec1,1
1gsw,1
1n6c,1
1my8,3
1ej3,2
1o3n,2
1elf,3
1qko,1
2bir,2
1ay8,2
1obo,3
2a3h,1
1cps,1
1c7f,2
1mpl,4
1e4n,2
1swp,4
1jq3,3
1hos,1
1lpz,2
1qjf,2
1qhr,2
1fvi,1
1qor,2
1nqm,4
1o3k,3
1o37,2
1mei,2
1g17,2
1af6,7
1tni,2
1qbb,5
1m9t,5
1p6d,1
5p2p,3
1mw1,2
1h62,1
1qd6,4
1hyb,2
2bup,3
1nce,4
1g3u,3
1dv6,8
1qg2,1
1k3c,2
1ceb,2
1m9j,3
1cb7,2
1km2,1
1owh,3
1dnp,4
1eir,1
7abp,1
1bgg,3
2sli,1
1vpo,1
1ajv,1
2glr,2
1cbo,1
1bo7,1
1nb0,1
1fdr,1
1qi3,3
1nhs,2
1arh,2
1ank,2
1e6d,3
1hw5,3
1d7y,1
1b59,1
1c14,2
1g2k,1
1ra2,1
2nlr,1
1jrc,2
1ftw,2
1qqs,2
1c23,2
1dlt,3
5p21,1
1gz8,2
1csi,1
1d6a,2
1oyb,1
1ppg,4
2ans,3
1kbj,2
1ir3,3
1m2p,1
1atr,1
3rab,1
1k1j,2
1jmg,1
1b6a,1
1ohr,1
1ama,1
1hvl,1
8abp,1
1hb2,2
1g1d,2
1lhe,1
1rad,4
1iop,2
1lbx,2
1fm8,3
1q54,2
1mdl,1
1o3o,2
1apw,5
1tem,1
1k0j,5
1dru,1
1fcz,2
1fk2,2
6gsv,4
1vot,1
1brx,1
1fq5,3
1nme,1
1d2s,3
1nv8,2
1fmw,1
1cc6,1
1izi,3
1e6a,2
1mrk,1
1dkf,2
1bnv,2
1d2a,3
1ie9,1
1agp,1
1dr5,2
1lke,1
1ppl,4
1dam,1
1iux,1
1hy3,2
2ay2,2
1srj,2
1oke,6
1h85,2
1e2s,2
1daa,2
1nhk,2
1grn,1
1lmc,1
1vik,1
1gad,2
1kay,4
1m0o,3
1jcx,2
1a69,3
1m67,2
1km4,1
1knu,1
1h60,1
1m0w,7
1d2z,1
1kyw,3
1cim,2
1h70,1
1al8,1
1mj9,1
1phb,1
1f5v,2
1ngg,1
1uio,1
5cts,1
1aq2,1
1l7e,2
1hj9,5
1khz,2
1mp8,1
1hgx,2
1ml4,1
8cpa,1
8lpr,2
1ewy,2
1jhr,1
1gj5,3
1qb1,2
2bpz,1
1exw,4
1bky,2
1p01,2
2arc,2
2gss,6
1hmy,1
5mdh,2
1e3r,2
1czo,2
1qnf,2
1hqt,1
1hxs,2
1hv7,2
1gwv,2
1no3,2
1eye,1
1tc2,2
1gbi,3
1gew,1
1o39,2
1xzc,1
1c8k,2
1ke5,1
1rai,4
1gr2,1
1md3,4
2acu,1
1yda,2
1l4k,1
4aig,2
1jr8,2
1kn4,4
3lbd,1
1vfn,3
1d3g,3
4pah,1
1g36,2
3hsc,1
1g4x,1
3lkf,1
1eag,1
1ah3,2
11gs,4
1ett,1
1ahx,2
1p06,2
1ydt,3
1e5h,1
1ms6,1
1uca,1
1gj9,2
3erk,1
4daa,2
1fbo,2
1gj8,2
1v1k,2
1om5,3
1xlj,2
1c6z,1
1bfv,3
1he3,1
1lic,2
1ges,2
1hvh,1
1hbk,3
1tmo,1
1ugx,1
2mbr,1
1mup,5
1b54,1
1lii,1
1pt5,2
1et0,1
1e9l,1
1m66,2
1km6,1
1cnx,2
1jvx,1
183l,4
1o6e,2
1izh,1
1h6m,2
1vru,2
1m6i,1
1ocn,4
1jld,1
1f0c,1
1hvj,1
1eus,1
2npx,1
2ace,1
1bx1,3
1blh,1
2cp4,1
1ndf,2
1fu8,2
1boa,1
2oat,3
2tpl,4
1ndi,2
1jhy,2
1n6k,2
2kce,2
7lpr,2
1inc,3
1ee0,2
1g81,1
1dyj,5
1nrl,2
1kvt,3
1zsb,1
1gwh,2
621p,1
1sft,2
1nvk,2
1bcr,4
1xan,2
1exm,1
1rx7,1
1fqc,1
1e2q,2
1dil,1
1lhf,1
1bkw,1
1czs,1
1phe,1
1rxg,2
1go2,2
1c5z,2
1c50,2
1g67,2
1tsy,1
2fcr,1
1mqb,2
1osh,1
1m27,1
1cc4,1
1fj8,4
1fk9,2
1f3b,4
1fxv,2
1jqi,2
1ngd,1
1if7,2
1c3r,2
1oha,3
1mw2,3
1o1r,2
1ttq,2
2eug,1
1ly4,1
1f5k,2
1i7p,1
1m7b,1
1kti,2
1jys,2
1fgh,1
1cze,1
1ctu,1
1ae1,2
1q6p,2
2xyl,1
1o0s,4
1dfp,2
1g99,2
1p29,2
1uae,1
1me3,1
2ifb,1
1a8i,2
1kao,2
12as,2
1ky3,1
1rc4,2
1hpm,3
1mmg,1
1qit,1
1q5h,4
2bfv,1
1tyu,1
1e9c,2
1fdt,2
5fbp,3
7jdw,1
2tgd,2
1il0,2
1g9d,3
1hvk,1
1b5d,2
4nll,1
1lhg,1
1oe7,2
1g4o,2
1l4e,1
1mfa,1
1cv8,2
1dje,4
3cpp,1
2rtr,2
1fk1,4
1lsp,1
1npt,4
1gjb,2
1btw,2
1jkh,2
1oyc,1
1thl,4
1c84,1
2rtp,2
1jhv,2
1efz,2
3fap,1
1nq7,1
1jin,1
1hlk,4
1xlf,4
1jgj,2
1o5i,1
1d2e,4
3bu4,2
2gst,3
1km0,4
1jwt,1
1ofv,1
1lca,1
1o3d,3
1g97,2
1n0s,3
1exb,1
1a9p,1
1rcf,2
1i3i,2
1ngx,2
1iyd,3
1eyi,2
1o3y,2
1k2r,3
1ree,3
1fsl,2
1k3t,1
1p05,2
1ngi,2
1ake,2
1km3,1
1iid,3
1oxp,1
1me7,3
1lah,1
1hi4,1
1afq,3
1nuu,5
1ejn,2
1ppr,1
1trb,1
1jte,1
1mjh,2
1aj0,1
3pax,1
1b63,3
1btu,3
1oth,1
1eyj,4
1g0h,2
1f8w,1
6upj,1
1iy7,1
1oo6,2
1aek,1
1gnw,2
8cpp,1
1nst,1
1phg,1
3sga,2
1grt,1
3rap,2
3uag,3
1ek5,1
1ebz,1
1ft7,1
1eqa,2
1axa,1
1hbv,1
1nhj,1
1fzz,1
4fx2,1
1ijh,1
1ecv,2
1ljt,3
1d0s,2
1q72,1
1tpv,2
1jho,1
1o2h,2
6gsp,2
1al6,1
1aee,1
1fld,1
1qyg,1
1cg0,1
3dap,2
1mbb,1
1ecs,3
2aky,1
1nuw,1
1ide,1
1mqi,1
1ojc,2
1d03,1
4dfr,5
1drh,1
1dr1,1
1ra1,2
1dju,2
1czu,1
1i30,2
1djp,2
1xid,2
1i0z,2
1iow,1
1ajq,2
1dag,1
1a6w,1
2fax,1
1d7e,1
1krm,1
1gfy,1
1b0m,1
1ldg,1
8dfr,1
1oj9,2
1gij,1
1gde,2
1h50,1
1nmk,1
1ylv,2
2lbd,1
1bdq,1
1jp4,2
1hfr,1
1hp0,2
1exx,2
3mde,2
1ivr,1
1o3h,3
1jgl,1
1fwu,1
1i14,2
1ql6,2
9abp,1
1nv4,2
1sri,2
1b38,2
1j1g,2
1h9g,1
1xii,1
3ukd,1
1hxb,1
1dr2,1
1n5u,5
2rto,2
1o2y,2
1mvn,1
1d1a,1
1it0,4
1tpu,2
1qst,1
1f8y,2
1ka0,2
1p10,2
1esz,1
1i00,2
1qgs,1
1igb,1
1h7g,1
1j0n,2
1qci,2
1qj7,2
1hvv,1
1eyk,4
1jwz,1
1jhq,1
1hsg,1
1hh8,1
1rrg,2
1fkw,1
1n0u,1
1p1c,3
3bir,2
1ngc,1
1bdu,2
1c88,1
1a42,2
1jvu,1
1uvt,1
1lf9,2
1aen,1
1as3,2
1gsv,1
1ajn,2
3cbs,1
1itu,6
1h42,2
1php,1
1gpb,1
1jf0,1
1aln,2
1afl,4
4cp4,1
1qh0,2
2phy,1
1evl,4
1n9l,2
1ibv,3
1e7v,1
1e7y,3
4cpp,1
4bu4,2
1srh,2
1ki2,4
1oja,2
1lby,2
1o30,3
7odc,1
1br6,1
1pmv,1
1l1r,1
1cq8,1
2ay1,2
1a8p,1
1aco,1
1lee,1
1dpm,4
1crb,3
1ifu,1
1is4,1
1vid,1
1p2t,1
1mts,2
3gal,2
1fkx,1
1d04,1
1j01,1
421p,1
1kf0,2
1pb9,1
1hfp,1
1dob,1
2ctc,2
1ooq,2
1h01,2
2cbs,1
1uky,1
1nf3,2
1fue,1
1i5b,2
7cpp,1
1tag,1
1ktt,2
1opr,2
1kgi,2
1drk,1
1ngh,1
1qb7,2
1k0d,3
1elg,2
1qhh,1
1eb2,3
1bxm,1
1a2t,2
2bgu,1
1i3a,1
1czm,4
1xij,1
1kmk,1
1bs1,1
1cx4,2
8rsa,2
1di8,1
35c8,1
1mrj,1
1fh7,1
1me4,1
1map,1
1lhc,1
1n1z,2
1cml,2
1swn,3
1ftk,1
1lqa,2
1lf0,3
1pv8,2
4sli,1
1j9g,1
1d2f,2
1lbl,1
1jvy,3
1cnw,2
1quf,2
1hq5,2
1f0r,2
1i37,1
2cd2,1
1dg9,1
1evy,1
1h63,1
1cxz,1
1zip,2
1kt6,1
1c3e,2
1flr,1
1o26,1
1gg2,1
1mmn,1
1ms8,2
1grg,2
3dmr,1
1bsv,1
1cbq,2
1fds,1
1o6k,2
1lc8,1
1i5c,2
1if2,1
1df8,2
1hoo,1
1d0x,1
1dvr,2
1nxy,3
1fyd,1
1he2,1
1tng,2
1fu4,2
7upj,1
1ger,2
1db1,1
1abe,1
1i1o,1
1aem,1
1a9u,1
1ctt,1
6cpa,1
1ky2,1
1ffq,1
2hmb,1
1tcx,1
1nas,1
1e4v,2
1eos,1
1egy,1
1pmn,1
1gs3,1
1c0l,1
5fit,3
1gdk,1
1p52,2
1ogx,2
1rvd,1
1nmx,2
4a3h,1
1gc5,1
1g41,2
1o08,1
3jdw,1
1klk,1
1hmr,1
1jbo,3
1cjc,1
1grb,1
1czk,1
1jdx,1
1xig,1
1pha,1
1nht,1
1dms,1
1n4h,1
1eb1,1
1jg3,4
1gia,1
1hqd,2
1odw,1
1kfb,2
1iei,1
1lld,2
1ads,1
2ack,1
1d0y,1
1i0v,2
1k4w,1
1pot,1
1lo2,2
1m7y,1
1get,2
1bd0,2
1iuv,1
1e1l,1
1e9b,2
1tvu,1
1k0b,2
1jim,2
2dln,1
1iol,1
1axr,2
1g3q,1
1kxm,1
1km5,1
1c4v,3
1trd,1
1gsa,1
1tom,2
1m8f,1
1vp9,1
1n5v,1
1i9l,2
1erq,1
1mfb,1
5nll,1
2ay7,2
5tmp,1
1n95,1
1k3d,1
1btx,1
1e3g,1
1p1n,1
1kqw,1
1eny,1
1npx,1
1ogz,1
1g7c,1
1h00,2
1mez,1
1zio,2
1ouy,1
1ngf,1
1eam,1
1fxs,1
1kfe,2
1ckp,1
3kiv,1
1j0d,4
1met,1
1ec2,1
1mfc,1
1g4t,2
1eax,1
1odx,1
1nt1,2
1cb0,1
1b2l,2
1bjk,2
1gqy,2
1oir,1
1efc,2
1hpx,1
1dah,1
1ebf,3
1hjg,1
1ho5,2
1bg0,2
1boz,1
1in6,2
1ja9,1
2flv,1
1loq,2
1mu0,1
1f9g,1
1gt6,2
1ftn,1
1gr0,2
1l4f,1
1v39,2
1a82,1
1mmy,3
5upj,1
3kar,1
1m2j,2
1drv,1
5eaa,1
1hsk,1
1vza,1
1is3,2
1dzj,2
1mzf,1
1gvq,1
3cp4,1
1m2q,1
2dor,2
1kt7,1
1jah,1
1ebw,1
1spa,1
1fvt,1
1eob,1
1d7o,1
1ap9,1
1hwr,1
1hlf,1
1exp,1
1ctq,1
1lvl,1
4rhn,1
1tnh,2
1ksg,1
1o03,1
1dor,2
1ml2,1
1f2a,1
1ecm,2
1qti,1
1c86,1
1az1,1
1tpb,2
1e1m,1
1ac8,1
1mq4,2
1nnu,2
1lp4,1
1htg,1
1eb3,1
3nll,1
1aeo,1
2csc,1
1nn3,2
1cg1,1
1mv9,1
1e5i,1
1daj,1
1csc,1
1i44,1
1l5k,1
2rtm,1
1i4f,2
1ig0,2
1lvg,2
1fco,2
1c2d,3
1hop,2
1ajx,1
1ly3,1
1bgq,1
1m4n,1
1iji,1
1amq,1
1icn,1
1hxa,2
1eou,1
2izh,2
1ds6,1
1nge,1
1eeh,1
1bx3,1
1bf3,1
1d6h,2
1kt4,1
1coz,2
1poc,1
1ayl,2
1enp,1
1akq,1
1aaw,1
1n83,1
1iwj,1
1ll9,1
1c9c,1
1i38,1
1qzr,3
1llq,2
1phh,1
1vp3,1
1icm,1
1css,1
1llo,1
1lpu,1
1gx8,1
1ngj,1
1mdt,2
1cgk,1
1m7z,1
1a2b,1
1idb,1
1c5i,1
1a80,1
1qdq,1
1j9e,1
1jix,1
1c6x,1
1f7s,1
1mns,1
1aax,2
1naw,1
1oh9,1
1aej,1
1flv,1
1eno,1
1akw,1
1m7q,2
1l5l,1
1hms,1
1au8,1
1dar,1
1csr,1
1dzp,2
1a9t,1
1dhr,1
1mzm,2
1eiz,1
1lyx,1
1mex,1
1ke7,1
1fdk,1
1huq,1
1tx4,1
5a3h,1
1d1c,1
1lie,2
1maq,1
1pda,1
1hi5,1
1etr,1
1amz,1
3upj,1
1ida,1
1iz2,1
1clu,1
1m13,1
1drw,1
1xlm,2
1mra,1
1cg3,1
1dbp,1
1g37,1
1que,2
1kly,1
1rg7,1
1blz,1
1g7s,1
1mrh,1
1aeq,1
1vcj,1
1n75,1
1p4m,1
1e1k,1
1dmr,1
1h61,1
1g2n,1
1fgs,1
1d0l,2
1ike,1
1dfg,2
1j5p,1
2fox,1
3mag,2
1czc,1
1nc9,1
1jf2,1
1hvc,1
1f9i,1
6nul,1
1gjp,1
1qcf,2
3sli,1
1ow3,1
1mpd,1
1ubw,1
1akc,1
1jg7,1
121p,1
1ndc,1
1jai,1
1lfw,1
1qbt,1
1jg1,1
1bl7,1
1jip,1
1kpe,1
3aky,1
1bra,2
1pro,1
1n8q,1
2ay8,2
2ngr,1
1gvs,1
1bl6,1
1ah4,2
1ifs,1
1ucc,1
1day,1
1a26,1
1lid,1
1czn,1
2pyp,1
1coy,1
1a27,1
1f4x,1
1b4x,1
1pbe,1
1qkp,1
1j14,2
1asd,1
1q21,1
1mqh,1
1nux,1
1ttj,1
7cpa,1
1k97,1
1tyx,1
2tys,2
1g93,1
1phk,1
1l2q,1
1bwk,1
1b8s,1
1ke6,1
1loo,1
1azm,1
1g7v,1
3a3h,1
1d0m,2
1iuw,1
1e1n,1
1h0w,1
1p2a,1
6abp,1
1dy3,1
1htp,1
2dpg,1
1gs5,1
1oiq,1
1d1b,1
1kdk,1
1jg6,1
1b56,1
1gsx,1
1fgx,1
1qin,2
2izk,1
1gil,1
1vom,1
1kxp,1
1d4d,1
1vzc,1
1dr3,1
2lh7,1
4rsk,1
1qf9,1
1d4y,1
1b4v,1
1fp2,1
1jkk,1
1pu9,1
1gnm,1
1e7u,1
4er1,1
1aha,1
1asa,1
1nwz,1
1rnt,1
1kmy,1
1meu,1
1jpj,1
1dl7,1
1flz,1
1cj3,1
1nv9,1
1f3p,1
