1qgw,7
1p1q,3
1o75,1
1jx6,1
1siv,1
1lpb,4
1h7f,1
1g9r,7
1gii,1
1n2e,7
1nf5,4
1a4m,4
1n2z,3
1g6s,11
1efi,5
1nuq,2
1jbp,5
1mvs,1
1nhe,16
3pro,2
1h41,23
1tvv,1
1kae,18
1keu,2
1o9l,8
1hsr,2
1fmj,4
1bup,1
19gs,4
1p39,2
1b5t,3
1fg7,4
1hw9,9
1k4g,1
1gqh,19
1oj4,12
1fwv,1
1ib0,1
1k21,3
1scf,9
1j8q,1
1esm,27
1nv5,1
1dig,3
1h2m,1
1ne7,18
1mfd,1
1icv,16
1cj4,1
1a0j,4
1jqy,14
1dgf,10
7dfr,1
1b5g,2
1g8i,5
1mv8,11
1a5b,2
1h1i,22
1ga8,8
1c3q,3
1bir,2
1rx1,1
1lzz,2
1mt6,1
1opb,4
1f6d,39
1ju2,12
1h65,12
1bht,2
1fc4,23
1lyw,4
1f2u,2
1iin,4
1dr4,1
5cp4,4
1pme,2
1lqv,10
1xyc,2
1iv2,6
1amu,2
1b9i,1
1lhd,1
5fx2,1
1m83,3
1j8v,4
1bto,4
1o2d,20
1kqo,6
1qjw,18
1cqx,4
1yds,3
1qan,3
1a2c,2
4pfk,3
966c,1
1ktp,3
1qpj,2
1ez4,4
1isj,4
2bpv,1
1kh2,4
1ltm,1
1fo3,1
1b9t,2
1ah0,2
1h82,6
3fyg,19
1ivf,8
1jeh,2
1q6n,2
1f8c,4
1jd3,1
1fhd,1
1inh,8
1hzj,2
1gcz,4
1jep,2
1ldo,4
1gj7,2
1ho4,4
1mjl,2
1ndp,2
1j3j,4
1pbt,6
1fpg,4
1d6y,5
1d7c,5
5nse,2
1bex,2
1n9m,4
1ecg,8
3prc,6
5gsp,1
1b12,4
1l2t,4
3tmk,8
1dq8,6
5prc,6
1h73,1
1h1m,22
1jsl,8
1o2n,1
1lf5,1
1qbu,1
1m6p,2
1bv7,1
1k9f,13
1ixn,4
1ocj,3
1bo4,3
1m2t,13
9xia,1
1lb9,2
1jnq,1
1erm,2
1qmq,5
1n2b,8
1m7a,2
1c8s,7
2cxg,4
5enl,1
1njj,7
1rb2,3
1gql,11
3hoh,4
1kkj,1
1gz5,18
1gqg,19
1lx6,2
1ltq,12
1xim,4
1gj6,1
1g8o,1
1kjq,17
6cp4,2
1p5e,4
1oas,2
1ghe,8
1qis,1
1qbg,4
1hk4,7
1g1b,2
1o2r,1
1nc3,2
1trg,2
1cdk,6
4gsp,1
1cci,1
5er1,1
1bhn,6
1g6t,13
1jv3,2
1b6s,4
1bso,1
1c9w,1
1ldy,4
1tco,2
1mep,4
1hvi,1
1qtn,4
1aqu,4
1iyo,1
1na3,3
1aym,2
1eow,1
1e7r,4
1c5n,2
3bto,4
1m9m,6
1qi5,1
1dzk,2
1emd,1
1ecq,7
1o9v,1
1tdr,2
2qwf,4
1nyt,4
1dqp,4
4phv,1
1in7,3
1ase,1
1tsd,5
1kdw,2
1dxr,6
1iut,1
4lip,2
1qh8,19
1n3i,3
1l8n,14
1gco,4
1bu5,2
1qk2,18
1pq6,5
1e1x,2
1mdp,2
1ni4,39
2bbq,2
1kie,2
6gsy,2
1f28,4
1gve,12
1ez1,5
1qf5,1
1k9e,11
1fw1,2
1d7a,24
1pfk,4
1gsy,2
1ox5,4
1hur,2
1pg3,7
1uc4,4
1e4i,2
1ml6,5
1o8b,9
1pax,1
1eg5,22
1n20,2
13pk,6
1qpr,6
1qgu,20
1djx,4
1fjs,6
1msk,2
1kvk,1
5eau,1
1trq,2
1qbs,3
1e6q,13
1bxo,5
1azs,2
1kws,2
1pxg,9
1kyv,5
1p3d,18
1a0q,1
1gey,1
1d8c,15
1ik4,6
1jvn,2
1g1a,4
1l8b,2
1nok,1
9aat,2
1cy1,3
1gi1,1
1n6o,2
3pyp,1
1fx2,1
1ai9,2
43ca,4
1ics,2
1oyj,16
1qr6,28
1kij,4
1iyi,4
2hdh,14
1h6a,2
1vzb,1
1gy8,8
2izi,1
1d4o,1
2uag,3
1trp,2
1mau,4
1gjc,2
1bvv,1
1fk6,3
1kp3,3
1jq5,1
1xyb,2
1lwo,3
1mmk,2
1iwb,2
1fsg,2
1g64,2
1dhj,2
1okm,1
1l6y,9
1jol,2
1i1l,3
1daf,2
1ove,2
1b37,6
1b5q,6
1fpf,4
1p0z,20
1qmz,4
1c8r,7
1jjt,4
1oh2,3
1qvj,5
1a8g,1
456c,2
1ese,1
1h5t,8
1nus,2
1ksh,3
2fgi,2
1frp,4
1f98,1
1n5q,2
1bws,1
1hso,2
6nse,3
1m2x,8
1ecc,4
1cy8,2
1lsh,7
1qjg,6
1gvy,3
9ldb,4
2rti,2
1i6x,4
1qov,2
1jkj,5
1iby,4
1j06,6
1chw,2
1f12,1
2qwi,4
1dm8,2
1lk7,4
1pgo,1
1h1w,8
1n2g,9
1g3m,8
7taa,1
1pig,5
1qh1,15
1q9m,4
1b09,5
1ody,1
1jp3,7
1qha,6
1fiw,3
1mo9,4
1elq,2
1lb8,2
1iiu,1
1nbp,1
1g16,8
2shp,2
2dhf,2
1d3h,2
1hv9,4
1g8m,19
1kzk,6
2izl,2
1jw0,9
2hoh,4
1poe,2
1k7h,5
6a3h,8
1jsz,2
1g6o,14
1az8,1
1gsq,1
1i7m,23
1qk3,4
1k54,8
1f2e,4
1d4a,4
1k9s,6
1dm3,4
1nhu,2
1jpa,2
1iw6,4
2vp3,2
1l8a,2
1bw9,9
1hs6,3
1p0p,7
1d8t,27
1em6,6
2web,3
1dg5,2
1m5w,6
1o33,1
1icp,2
1ie3,5
1pip,2
1kqp,9
1jrb,2
1n6r,2
1gv4,2
6ald,2
4gpb,3
7enl,1
1nsc,4
1c1w,2
1e8v,6
1h5s,8
2mas,4
8atc,2
1ije,1
1ln1,1
1bcs,6
1l9c,2
1kpg,33
1kvo,6
1nhi,3
4fbp,4
1ay5,2
1fyf,2
1d4k,5
1hxw,1
1a50,2
1me9,1
1lbb,1
1jji,4
1el9,6
1e2p,2
1poy,4
1b8a,2
1o97,2
1li3,2
1i8j,2
1j16,3
1eap,1
1qgd,2
1kt8,8
1f8g,34
1mw3,4
1i5z,5
1frw,2
1cy6,1
1ghy,2
1mm7,3
1jf7,1
1c1b,2
1hg0,4
1apb,1
1qm5,2
1h5x,2
1jso,6
1ec9,8
1l9b,7
1f99,9
1j53,3
1mzs,1
1evr,8
1n2j,12
1g3e,1
1m5e,4
1akr,1
1k7w,4
1i9n,1
1nff,2
1i80,3
1gx6,12
1p42,1
1fcb,3
1g7x,1
1hwi,7
1tvw,1
1ing,8
1e7w,3
1fpe,4
1b4e,4
1gkl,5
6q21,4
1kbq,4
1ewl,1
1n2i,8
1dlq,1
1m51,4
1qj1,2
1l3i,36
1m2w,18
1los,4
1ecf,6
1byq,1
1f73,5
1mt1,24
1kmq,3
1pow,4
1ds7,2
1iel,2
1dim,1
1fro,4
1p31,19
1htw,4
1hwl,7
1l4n,2
1kdg,11
1ez2,2
1qhj,4
1ah5,6
1e7b,4
1lwn,2
1g4j,1
1gtz,16
1b42,2
1nvq,1
1hbj,4
1hmp,2
1aq1,1
1dmt,4
1ad4,1
1ii0,4
1udc,3
1dgg,6
1e7c,7
1i7i,2
1c8u,2
1gu1,16
3gsp,1
1kcd,3
1djn,4
1n71,4
1gvv,2
1uc5,4
1nfr,16
1i6m,3
1aoe,2
1bv9,1
1gx1,7
1h46,3
1adl,2
1pnl,1
1b4u,2
1lob,4
1h0g,3
1fpx,6
1lqt,9
1dlj,3
1ha3,6
1icr,2
1mi3,4
1fty,2
1ejd,6
1c2t,2
1gm8,1
1gja,2
1lpm,3
3min,4
1jtu,4
1i1k,3
1gx4,5
1jvs,27
3por,2
1m7g,6
1geu,2
1djo,2
1i3k,5
2gpb,1
1dfo,4
1ec8,6
1kr5,1
1ga0,2
1kz8,6
1rgc,2
1uxy,1
1a3g,3
1aed,1
1qcp,1
1ars,1
1f4c,4
1dic,1
1bh2,1
1hdi,2
1h5r,8
1l4m,1
3dbv,4
1ka1,2
1onq,7
1ls6,2
1jrz,2
1gpe,10
1ae8,3
1bap,1
1bg2,4
1gj4,2
1muu,35
7aat,2
1b16,2
1hck,1
2adm,2
1jje,4
1fj9,4
1mxd,6
1dcn,1
1jcq,3
1k7x,1
1ewk,9
2prc,6
1gwc,3
1n6b,1
1a96,2
1tnj,1
1n2s,2
1aiq,4
1eqy,2
1n5i,3
1m8g,1
5nuc,2
1jry,2
4pbg,2
1o9u,2
1c87,1
1nd0,4
2xin,4
1ewj,8
1jg2,1
1bhx,1
2qr2,2
1e7q,3
1fhx,5
2bkj,2
1rx3,2
1jv6,5
1dmj,4
1j39,4
1n0t,4
1n1m,16
1srg,2
1dih,1
1d2n,2
1guf,6
1kfg,6
1j0a,4
1oaf,1
5gss,5
1eu1,5
1e6x,14
1mbq,1
1g55,5
1kya,20
5est,1
1i5q,2
1k7e,2
1c5r,1
1q4s,2
1in8,1
1dku,4
1b6l,5
1p2s,2
1rpg,2
1e6s,14
1n2x,6
1fta,4
1jsi,6
1o7p,7
1a5a,1
1hdo,1
1lvw,12
1fnc,2
4dcg,2
1fqk,2
1h0v,1
1n1e,2
1gpn,3
4ovw,6
1nqo,4
1frb,1
1g32,2
1jac,4
1kwc,1
3vgc,1
1kta,10
1p1o,1
1qxe,5
1an9,2
1ppa,1
1j99,1
1icq,2
2qwg,4
1mmw,2
1mw0,4
1pgt,4
1hu9,1
1wq1,1
1f2d,4
1j54,3
1d7b,5
1qji,1
1h84,6
3lad,2
1o25,4
1bwb,1
1iex,3
1uad,2
1jls,4
1kqn,6
1h7r,1
1dc6,2
4aah,2
1lh7,1
1k3a,3
1e7e,8
1hnn,2
1chm,2
1kme,6
1geb,1
5bj3,4
1hyh,4
1pvd,2
1pvg,22
1kvm,1
4gst,2
1ct9,8
1cle,6
1cf3,5
1mwe,5
1e5e,4
1e7f,6
1a0t,3
1hdr,1
1jyl,4
1i9h,2
1nfz,2
1opm,7
1f5a,6
5eug,1
1dyr,1
1a6v,3
1dmk,3
1asc,1
1dm2,4
1elb,1
1kdt,2
1meh,1
4lbd,1
1qf0,2
1edo,1
1qm8,5
1ikg,1
1bzy,4
1ke3,2
1i5r,2
1ke0,2
1p1u,2
1o6z,4
1aka,1
1f8b,4
1m0l,6
2min,4
1a9m,1
1pz4,1
1kqb,4
1i1d,5
1bzs,2
1hor,2
2qwk,4
1n5m,4
1rx5,1
1ahe,2
1bo6,2
1trn,4
1sox,6
1b8v,1
1cza,3
1k70,1
1hxd,2
1gm7,16
1cbx,1
1ish,4
1kgb,6
1ll2,1
1nzy,5
1doh,2
2cmk,1
2rtf,2
1dm7,4
1bn4,1
1axg,4
1m9n,4
1dqe,2
1nm1,1
1jpn,6
1h2y,6
1m9k,2
1qkm,1
1iyp,1
1hm9,4
2sqc,6
8nse,2
1tkb,2
5xia,2
1i83,4
1k4m,3
1f2b,1
1h2s,2
1dna,4
1eys,6
1n52,14
1gqr,3
1ek4,4
1ohb,2
2ay3,2
1h2b,2
1p2u,4
1b6j,5
1ct1,2
1fd0,2
1n6n,2
1koj,2
1l7f,7
1oh0,3
1pt8,9
1icu,4
1nhx,4
1e8z,1
1ksk,5
1jdv,4
1be6,9
2ay4,2
1ra3,3
1p1r,5
1d4h,1
1gg1,4
1eqc,1
1kre,8
1azl,1
1jqe,2
1ep4,2
1a53,1
1dii,4
1l4l,1
1fgi,2
1c5c,3
1dze,5
1eby,1
1pvc,2
1ki3,2
1o29,2
1bc5,2
1elc,1
1q5o,7
1f4d,5
1msa,12
1kts,2
1lpg,1
1djw,4
1m2h,1
1h07,2
1jxn,5
1k6p,10
1np1,2
1q43,14
1c3b,2
1eh5,4
1qg0,2
1n5r,7
1guy,2
1gi3,1
1cq1,2
1he5,1
1kvr,3
1nxg,2
1ub3,4
1lt5,5
1eje,1
1bq4,1
1kq4,12
1bj5,4
1oqn,2
1e7g,6
1l3r,5
1jnr,6
1nsf,1
1oyf,3
1akb,1
1mb4,2
1dpo,3
1i7y,3
1fs4,1
1b6k,5
1m98,3
1ocb,6
1ipe,2
1p5r,2
1gjm,2
1m21,2
1b6m,5
1uma,3
1ek6,5
1okn,1
1afe,3
1ckm,2
1anc,2
1f50,7
1hjo,1
1dak,1
1tph,2
1het,3
1i7g,2
1got,8
1eyr,10
1hw8,6
1nuc,1
1eyx,10
1cm8,4
1im8,12
1kwr,1
1kdr,2
1f0x,2
1lrl,2
1ivc,8
1kar,14
4gsa,2
1jbw,3
1nyy,1
1ovd,7
1b8u,1
1oqm,4
1pxc,1
1ep3,2
1pbd,1
1e2k,2
1g9v,6
1np0,7
1guz,4
1jm6,2
1qpq,6
1h11,3
1i58,2
1m7p,2
1am1,1
1jqn,2
1gd9,2
1gal,6
1mze,1
1q0c,4
6gsx,2
1q61,3
1eoj,1
1e1t,7
1a4g,4
1lqp,4
1dqa,4
1h5u,2
4pgt,6
1rmh,3
1l5w,2
5fwg,6
1ddu,4
1hwj,10
1nzd,1
1o3i,1
1djq,4
6prc,6
4fua,2
1if5,1
1qk0,18
1guq,4
1dg7,2
1the,2
1apv,4
1f1v,2
1qd2,1
17gs,5
1cwu,2
1gg5,4
1bav,4
1bwc,2
4blc,8
1ive,8
1ee2,2
1udb,2
1kv5,7
1lwl,1
1e4e,15
1km1,2
1m00,2
1max,1
1mr3,12
2fvx,1
1n5t,1
18gs,4
1e3s,4
1hps,1
1ewa,2
1srf,2
1l9k,1
1glq,2
1ml3,3
1dbv,4
1rk2,8
1jgt,6
1lo6,1
1uby,1
1bl5,2
1jcn,2
1fj4,4
1pgn,1
1bd4,4
1jqx,5
1hb1,1
1b6p,5
1j07,6
1e2i,2
1jsn,6
1uda,2
1jfh,3
1b9h,1
1gsj,6
1el8,2
1jmf,1
721p,1
1gaf,1
1kyy,5
8a3h,9
2tct,1
1n2f,2
1mq5,4
1lo0,2
1raf,2
1sre,2
1lin,2
1p7t,6
1ld8,2
1n46,2
1nn5,1
1dg1,2
3dfr,1
1lqu,10
1fv0,5
1gxz,2
1lgx,2
1h8p,4
1j7k,4
1hvy,12
1amw,1
1g45,1
1ewf,2
1adb,2
1dv2,2
1omz,4
1n6p,1
1xva,2
1fp6,4
1idt,2
1dqy,3
1fby,2
2cpp,1
1fr8,2
1axe,2
1kqf,3
1o23,7
1ykf,4
1atp,3
1hih,3
1odm,1
1b4s,3
184l,2
1at3,2
1fsw,2
1kel,1
1ng1,8
1pyd,2
1mn7,2
2csn,1
1iyk,2
5bj4,2
1h2j,3
1ey3,6
1aog,4
1ogd,5
1lrh,8
1kbc,2
1f4z,8
1nco,2
1f06,2
3csj,3
1tti,1
1f8d,4
1a0f,2
1f74,5
2prg,2
1ecj,2
1lkd,2
1q3e,2
1iwi,1
1e7h,6
1iih,1
1f4g,6
1m78,2
1hrn,4
1set,2
225l,2
1fdj,4
1gxa,1
1fiq,3
1i3f,1
1f3t,4
1ej4,1
1gw1,3
1lny,2
1mi4,13
1jiu,1
1d1j,2
1iv4,6
1gwr,2
1kr3,2
1e0v,1
1n13,12
1d1t,7
3mdd,2
1d0c,3
1eyn,4
1m6y,6
1ejb,5
1fwk,4
1ib6,3
1jnk,1
1qip,4
1rx6,3
1lon,1
1k8x,1
1mdr,1
1jak,2
1e8w,1
1nhb,2
1xli,2
1amr,1
2rtd,2
1i7z,2
1jcm,1
1ppm,3
1mmv,2
1hpo,1
1bvi,4
1sdk,5
1l9w,4
1bjp,5
1qhg,1
1uay,2
1nd6,12
1mm6,4
1be4,3
1czr,1
1n92,3
1is2,2
1lug,3
1bji,4
7nse,2
9ldt,4
1f9w,2
1cw2,2
1eq9,2
1mdo,10
1a05,2
1f76,26
1aij,4
1i0x,4
1o2b,2
1trk,2
1mfi,3
1pph,1
1kbi,8
1swd,2
1j09,1
3xim,4
5pah,1
1dad,1
1kor,4
1f4t,2
1ddr,7
1n22,2
1mp3,4
187l,2
1l6g,2
2qwh,4
1j1z,4
1fh9,1
1ado,2
1lhw,2
5gpb,3
1jg0,4
1nhg,2
2pva,4
1pxb,1
1nsg,1
1c9u,4
1jsh,6
1nnc,4
2dbv,4
1mdx,3
1f4f,4
6tim,1
1eau,1
2scu,2
2pcp,2
1jlr,4
1o38,1
1f07,8
2wec,3
1dxo,4
1gra,3
1fg3,3
1aic,2
1agw,2
1fmo,3
1aor,2
1jtk,2
1p1i,2
1ipf,2
1pvn,10
1qbr,1
1dmh,3
1p61,2
1ms7,3
1gni,6
1my4,3
1tcc,2
1fdq,2
1j7u,2
1j21,8
3lpr,1
1n49,2
1tsl,1
1lbk,4
1g2o,3
1kby,2
1p1k,2
3cox,1
1hyo,2
1kdm,1
4mdh,4
1lpo,3
1f6b,2
1c9k,3
1j49,2
1lbt,4
1qfs,1
1a28,2
1ghz,1
3nos,2
1k7f,2
1iwe,4
1ct8,2
1l5v,4
1cf2,4
1a5g,2
1dss,2
1f9v,2
1b7a,2
1ay6,2
1m5b,3
4tim,1
1b15,2
1dfi,4
1k3l,2
1o3j,1
1nn0,2
5bir,2
1fqd,1
1cc2,1
1c0f,2
1fjj,5
1f7t,7
1hzz,2
1jcr,3
1kyq,21
1zpr,4
1fa2,2
1eex,2
2qwe,4
1syn,4
1uc9,2
1ms1,2
2bif,8
1f9h,1
1c5o,2
1dx6,4
1lqe,1
1kw9,1
1ra8,2
1f0s,1
1tnl,1
5cpp,1
1awb,2
1drf,1
1b8n,1
1hrk,2
1tox,2
1i0s,1
1nsd,4
1fwy,2
1kh3,4
1c1u,2
1dxy,1
1jv7,7
1ahi,2
1c27,1
1f9o,2
1h18,11
1hyf,1
1ma9,2
1rb3,4
1kew,7
1jkl,1
1fvg,4
1krf,8
1aia,2
1dv3,4
1raa,2
2gpa,4
1i7l,2
1cy7,3
1jxz,3
3cd2,1
1qlu,2
1tsx,1
4uag,2
2ay9,2
4dmr,1
1n9b,3
1jcj,2
1qll,2
1n3z,3
1kvl,3
1f3a,2
1ba1,1
1dm6,2
1phd,1
1q99,4
1qmh,3
1gpk,4
1ewo,1
1m0u,1
1gae,2
1k6v,5
1k0y,5
2nad,2
1a86,1
1oxv,3
1cq7,1
1o6l,2
1bx0,1
1mgp,6
1jsr,9
2can,3
1rls,1
5ukd,1
1hnh,7
1iye,3
1eyz,3
1jlv,6
1nv7,4
1jh8,1
1iyb,2
1k6t,5
1os7,4
1iny,4
1oc7,7
1jvd,2
1xie,1
1mxo,2
1g53,1
1phn,3
1hyt,2
1l5j,2
1pbo,2
1lcw,2
1dz6,3
1gww,2
2bvw,13
2tmd,4
1axw,4
2rtq,2
1k5q,1
1foa,3
1jub,7
1sli,1
1cwq,9
1cpc,6
1cip,1
1f6t,3
1efh,2
1qbq,4
1rob,1
1nue,6
2pri,2
1lqy,1
1h9a,1
1mf0,1
1h1q,4
1i0l,2
1cx9,2
1df7,3
1ndj,4
1g60,2
1ydr,3
1cs4,5
1daw,1
1gv0,2
5grt,2
1l7h,7
1fki,2
1kqc,4
1dz9,3
1fur,2
1f7q,2
1lxc,2
1ix1,4
1f8r,12
1fgy,3
1o8v,3
1mfe,2
1gr1,1
1c24,1
1kg9,9
1ypn,1
1rac,2
1b0o,1
1tsn,2
1kr2,6
1g0o,4
1jom,4
1hiv,3
1lcp,8
1gjw,2
1l6m,3
1p1j,2
1g48,1
1p8i,6
1l9d,2
6enl,1
1k6c,6
3aid,1
1i19,8
1ejh,4
1bxq,6
13gs,5
1ev6,7
1igj,2
1n07,4
1com,9
1o57,6
1rne,2
1lv8,6
1de5,4
4std,3
1jqd,4
1n08,2
1g98,2
1ko8,2
1dqn,3
1qsm,2
1p2g,2
1oat,3
1c8l,5
1mvt,1
1a9z,2
1ion,7
1ius,1
1kv9,4
1b1c,1
1h08,3
1bvd,1
1kzp,2
1mp0,2
1hmt,1
1yaa,5
1jla,2
1ks7,1
1ane,1
1z1h,5
1nym,1
1eve,5
1lwx,3
1oaa,1
7gss,4
1e3i,2
1exv,8
4ukd,1
1gxs,8
1naa,7
1p0e,1
1irj,2
1ekf,2
1rms,1
1el5,2
1dry,5
1inf,2
1nai,3
2tcl,1
1ke8,1
1ueh,2
1ker,2
1n6i,2
2dri,1
1zzz,1
1p6c,4
1hww,3
1heu,2
1ngs,2
1oc4,4
1fla,1
1jd0,2
1lhv,2
1ot3,8
1g6k,4
1jvg,2
1ohk,1
1c1x,5
1fpu,2
1dkq,1
1ia2,2
1fk0,3
1cr5,6
1qfz,2
1mp4,2
1fj6,1
1aky,1
2pka,2
1m5f,4
1jgu,1
1o2z,1
1ia9,3
1fcy,2
1xka,2
1i1m,3
1gd1,4
1llr,5
1cul,5
1a4q,4
1nq5,4
1ad8,2
1k2y,1
2bat,4
1i9o,1
1d4p,3
3gpb,2
1mtc,2
1k6x,1
1n8v,2
1qh5,2
1cqs,2
1dek,4
1gse,4
1dd4,2
1ldm,2
1now,7
1h1p,4
1cgh,1
6gss,4
1gvo,1
1tps,2
1gjd,2
1li4,3
1f7b,2
1b5e,2
1ohl,2
1dfh,2
6gst,2
1d8d,3
1h0p,1
1nzc,4
1ami,1
1qi4,1
1ck6,3
1af7,1
1cxv,2
2rtk,1
1m7d,1
1aaq,1
1in5,1
1he4,1
1ekv,2
1l4g,1
1nuz,1
1i6l,9
1jsv,1
2ypn,1
1ju3,1
1dht,1
1lt8,4
1m2z,4
1e9x,1
1gox,2
1cyd,4
1fh0,2
1gpu,2
1lrk,3
1mqd,5
1kvu,2
1npw,1
1eli,7
1gz1,2
1ix8,1
1kvs,2
1dgh,6
1qgq,1
1bvy,6
1dvj,4
1ejj,1
1sbg,1
1jra,4
1e6u,3
5hoh,4
1mjt,4
1dbo,2
1d4l,5
2tsc,2
1kck,4
1fx9,1
1lij,1
1meg,2
1dap,2
1xui,1
1qk5,2
1kjj,3
821p,1
1iyq,1
25c8,1
1cea,2
1e7a,4
1grf,2
1d4s,1
1d3v,2
1cnq,2
1hzp,8
1gup,4
2sim,1
1bbp,4
1dbt,3
1nf0,4
1bnw,1
6dfr,1
1o98,1
1d7x,2
1n4a,6
1qk4,4
1cgz,1
1npv,1
1i72,2
1mqq,10
1n23,2
1d1s,7
1lnm,1
1mvc,1
1a4i,2
1gw6,3
3rhn,1
1gis,1
1gx9,1
1qpb,3
1ksn,1
1d4j,1
1cvz,1
1amk,1
8gpb,3
1nhw,2
1itz,3
1pb8,1
1ehi,1
1oxn,1
1qg6,4
1ke9,1
1oxo,2
1pbq,2
1bjg,2
1gno,1
1nmz,1
1p77,2
1av5,1
1bju,2
1p6o,5
1qur,2
2tpr,2
1dgb,6
1in4,4
1j79,3
1d3d,3
1swt,2
1i75,4
1rx9,2
1jhu,1
1nu3,8
1cru,3
1p0h,2
1eko,2
1ag9,4
1qqm,1
1lvu,6
1qho,3
2vgc,1
1dwv,2
1e6w,4
1h1r,4
1gee,4
1nqa,4
1e7s,2
1f4e,5
1i2e,1
1tnd,3
1ie4,2
1c22,1
1gwj,1
1oit,1
1orr,5
2qwd,4
1c1v,2
1tc1,2
1qfy,2
1d1g,2
1i3m,2
3fx2,1
1czh,3
1pyy,2
1mgo,4
1fpi,4
1ize,3
1bzj,1
1a54,1
2pax,1
1dia,2
1apt,3
1me8,1
1noo,1
1aux,2
1o3m,1
1ouk,1
1nxj,6
1fk7,2
1m4d,3
1mxi,1
1fqj,2
1o2g,2
2ypi,2
1g4v,1
1d1v,2
1vpe,2
1mdc,2
1rth,2
1red,3
1g0i,2
1d0o,4
1mes,1
1gm9,10
1n5k,5
1bnt,1
1g69,2
1fbp,4
1ggn,2
1vzd,1
1cpu,3
1be8,1
1gsn,4
1ccw,2
1e5f,3
1kj9,8
1o9j,6
1kzo,2
1els,1
1n6a,7
1h68,1
1szj,2
1n7g,4
1gbm,1
1tdu,4
2cst,2
2por,3
1fxq,2
1dod,1
1k0c,4
1rae,2
1wbl,11
1nlk,2
5rhn,1
1oxm,1
1g4k,3
1men,3
1ca7,3
1ndh,1
1fcj,4
1oss,1
1q0s,1
1i79,2
5abp,1
2tsy,2
1dyh,2
1llf,6
1gbn,3
1ek0,3
1i36,2
1my3,3
1m15,1
1j3k,4
1h78,2
1fhw,2
1rca,1
1p03,1
8gss,5
2lig,2
1hvr,3
1nec,4
1bnq,1
1k8y,2
1je1,6
1qfm,11
1ix6,1
7acn,1
1mq6,4
1m5c,1
1c2i,2
1lde,4
1nms,2
1mdu,5
3pah,1
1ses,2
1i2w,3
1j96,2
1l8p,4
1gnq,1
1tdf,2
1dls,1
1gp2,1
1j36,2
3amv,4
1lpk,1
1d5r,1
1ekp,2
1qlh,1
1yet,1
1kpm,5
1o1s,1
1o3a,1
1h7t,1
1try,2
1osf,4
8cgt,1
1p3w,2
1vze,1
1qg4,2
1cbs,1
1nnk,1
1ihu,2
1ngb,1
1c2k,1
7tim,2
1jki,2
1tad,3
1h69,4
1lbz,2
1dlg,4
6std,3
1pkd,4
1bt5,1
20gs,4
1kaz,1
1mgy,9
1j1n,2
4eng,2
1sln,1
1e1v,2
1kce,4
1h72,2
1fgg,2
1lrq,1
1k4d,2
1c1e,2
1g6n,2
1n9n,1
1fbh,2
1ch0,2
1ucn,4
1e2d,1
1fpd,4
1ioz,1
1pd2,2
1k8c,4
3cgt,1
1aqy,2
1d6s,2
1nv2,1
1onp,2
1q6y,8
1abf,1
1ahb,1
1k08,2
1fpc,2
1cbf,1
1l7g,7
2ae2,2
1e9a,1
1n55,5
1gfi,1
1nmu,2
1ppi,1
1j15,2
1a9q,1
1gx0,4
1dr7,2
1kfc,2
1l8j,4
1egv,2
16pk,2
1d4i,1
4dbv,4
1jqh,3
1huv,2
1g2w,2
1hj8,2
1c0g,2
3ptb,1
1izo,3
1f9u,1
1jtv,2
2lh6,1
1eg9,1
1ej1,2
1f3l,1
1gdd,1
1jpz,4
1ref,3
1fw9,1
1h7o,1
1upu,4
1oo5,2
1esq,3
1hxp,4
2rtj,2
1jdj,2
1hwk,7
1kw1,2
1jay,2
1cvu,13
1fk8,2
1n6y,2
1h0s,4
1h8i,2
1jdt,3
1dif,3
1dz8,3
1lor,1
1kds,2
1fk5,3
1klt,1
1i8t,2
1nv1,1
1lot,7
1o2t,1
1g30,2
2amv,3
1lwg,3
1d0v,1
1lfd,2
1yee,1
1m2k,1
1qhx,1
1f9a,6
1cy2,2
1pq9,4
1kji,4
1mzu,3
2acs,1
1o2a,2
1g27,3
1egh,6
2rth,2
1i6k,8
1xih,1
1f8e,4
1nr5,2
1k7l,4
1ddg,2
1no9,3
1fuy,2
1b5p,2
1rh3,1
1axz,2
1gpy,2
1inv,2
1dg8,2
1qgf,1
1m4g,2
1cdo,2
3gss,4
1c83,1
1aku,1
1ii6,2
1md4,4
1k3y,2
1ari,2
1e2m,2
1noj,1
1fcx,2
1ozp,2
1c70,1
1pox,4
1a4h,1
1jgi,1
1dlv,4
1kp2,2
1ajk,2
1kvq,2
9est,1
1kgz,2
1lfo,4
1ky8,1
1jue,7
1zin,1
1i05,1
1jfg,3
1m0q,1
1lif,1
1qbv,2
1duv,4
1ga9,2
1ia4,2
1nis,1
1j32,2
1mbz,2
2gsq,2
1mrg,1
3mct,2
2qwc,4
4upj,1
1if6,1
1e4y,2
1lj8,9
2sfp,2
1gg6,5
1ej2,1
1mky,5
1ixo,4
1kg8,4
1lri,1
1d0z,1
1ig1,1
1iwn,1
1g9b,2
1ezf,3
1f48,2
221p,1
1lbf,1
1m7h,4
1ju9,2
1g7t,1
1kny,1
1e5d,2
1l9n,2
3ca2,1
1bn1,1
1i9m,1
4cd2,1
1ahh,2
1oon,2
1gyy,2
1j37,2
1f8f,1
1g7w,1
1os0,2
1ukz,2
1ggd,1
2cgr,1
1oe8,2
1c5t,1
1p2b,2
1f9t,1
1dzm,2
1iim,4
1h94,1
1khh,2
1ti7,2
1a95,2
1g2a,3
2trs,2
1e5v,2
1qra,1
1ctr,1
2q21,1
1oxu,3
1n24,2
1inw,4
1d09,2
1oqc,4
1i3l,6
1jtq,4
1vpt,1
1pxa,1
1esv,2
1ahf,2
6csc,2
1k4v,4
1byu,2
1giu,1
1aid,1
1dug,2
1cte,2
1cel,6
1l4h,1
1ivd,8
1dgm,1
1bxg,2
1xel,2
1ra9,1
1ocq,3
1b0k,1
1i9p,1
1tde,1
1nmd,1
2aad,2
1ewm,1
1l5o,1
1aef,1
1c9y,1
1qb8,1
1eft,1
1gmy,2
1c8v,2
1vao,2
1yek,1
1nli,1
1njs,2
1aj2,1
1fm4,1
1j0e,4
1ed4,7
1nv6,1
1l2e,1
1efy,1
1ozq,1
1bmd,2
1mor,1
1gn8,2
1o2o,1
1yag,1
1jbu,1
1c6y,1
1dra,2
1bk0,1
1f0y,2
1kw0,1
2oxi,2
1qkj,1
1nvv,1
1m2r,1
1lzj,1
5nul,1
3grt,2
1evi,2
1a71,2
1qf1,2
1mjb,1
1bxs,4
1i52,1
1g2l,1
1dds,2
2izf,2
1nyw,2
1qir,1
1os1,1
1opk,3
1kbo,4
1lpn,3
1hf6,4
1e9f,2
1kss,1
1kw8,1
1bk9,2
1uke,1
2dap,1
1fw0,1
1tys,2
1nfw,1
5bu4,1
2dab,2
1j7l,2
1hpv,1
1xzm,1
1ed6,2
1esw,3
1jg4,1
1cg4,1
1dlr,1
1a2k,3
1ddt,1
1f8i,4
1f17,2
1d7l,1
1sgc,1
1my2,3
1jil,1
1tar,2
1k2v,1
1bty,1
1nsa,3
1dqr,2
1bzm,1
1mmf,2
2bu4,1
1iyh,4
1kv1,1
1tpp,1
1qsn,1
1h2l,1
1kou,2
1oya,1
1l2s,3
1c29,2
1jmz,2
1aht,2
1mk5,2
1kb0,6
1b7y,1
1p62,2
1i0i,2
1ftm,3
1oyn,4
1e9h,4
1gzg,2
1e8g,2
1p60,4
1d8a,2
1uaq,2
1lvk,1
1o2v,1
1awf,2
1hb4,1
1kpf,1
1ld7,2
1jnz,2
1el3,1
1l6s,4
1ksu,2
1asm,2
8acn,1
1nhz,4
1dhi,2
2src,2
1oz0,2
1d7s,1
3std,3
1kyz,6
1fth,2
1a5z,3
1and,1
1nkh,4
2aid,1
1nw5,1
1mka,2
1h4i,2
1n6l,2
1de6,4
1e3l,2
1f5n,1
1qa7,6
1kli,2
1h66,4
1i59,2
1nga,1
1px6,4
1dlk,4
1tnk,1
1nfq,4
1m9q,5
1kgj,2
2rtg,2
1nvs,1
1q0n,4
1rx2,2
1qf2,3
1c1t,1
2yhx,1
1f91,4
1qds,1
1lrw,2
1exa,2
1gre,2
1gi0,1
1m4a,2
1gwq,2
2drc,2
1i13,2
2izj,1
1i1n,1
1bx6,3
1n8u,1
1fd7,10
1ai8,2
2tod,4
1rkd,2
1kj8,6
1qh6,4
1bqe,1
1mer,1
4tmk,1
1ko5,2
1hsh,2
1asn,2
1f0p,5
1iuu,1
1hdu,4
1kt5,1
1aob,2
1swr,4
1cil,1
1pdh,1
1moq,3
1bq6,1
1ep9,1
1otj,3
1g54,1
1dz4,3
1l1e,2
1gsi,4
4gss,4
2rtl,1
1nfu,1
1b0j,1
1c81,1
1m9h,1
1m2o,2
1czl,1
1m43,4
1l9e,2
1yec,1
1m79,2
1g63,12
1lkc,3
1ghv,2
1dtl,1
1on6,4
1bwa,1
1c3j,1
1oyt,2
1o32,1
1rx4,3
1e1y,3
1hnd,1
1e2e,1
1wht,4
1bnu,1
1qpg,2
1g9c,2
1hf3,2
1nmq,2
1lhu,1
1ljn,1
1mzn,4
1kzi,7
1nuy,1
1lox,1
1gue,1
4est,2
1afs,2
1h4w,1
1hfq,1
1ay4,2
1qkn,2
1mmd,1
1zap,1
1rab,2
1ja1,3
1trm,2
1oi0,2
1flm,2
1jlu,4
1fu7,2
1iep,2
1eb9,2
2ada,1
8aat,2
1bxk,2
1ohj,1
1eed,1
1gqk,12
1d6u,5
1a59,1
1nlv,1
1ds8,4
1i5a,2
1d3p,3
1dy4,4
1gmh,1
1odv,2
1ifx,2
1ydd,1
1goy,1
1nl5,1
1ajs,2
1nww,3
1b8d,10
1lf2,1
1ci9,2
1c96,1
1qqn,1
1qlt,2
1j3i,4
1jrx,2
1kep,2
1k5s,1
1aj7,1
1nah,3
1m1b,2
1a0g,2
1oge,5
1akv,1
1scu,3
1eup,1
1d5c,4
1swg,4
1aur,2
1cg6,1
1tip,2
1gy9,2
1eg2,1
1lov,1
1ng4,2
1kqd,4
9lpr,1
2pgt,4
1mh1,1
1ets,1
6gsw,2
7gsp,2
1p6e,1
1luq,4
1ftl,2
1kdn,3
1ex8,1
2pia,1
1ht0,2
1ebg,2
1dtp,1
1bu4,1
1g6i,4
1gtk,1
1bul,4
1bp1,2
1iov,1
1ec3,1
1hyu,1
1d6f,1
1l6i,2
1ps9,2
1i0r,1
1eol,1
1g0n,2
1bx4,2
1k0a,2
1uip,1
1arg,2
1m8j,1
1mdq,1
210l,2
1od1,1
1dog,7
1lua,3
3gst,2
1aeg,1
1a78,3
1ckn,2
1bgn,1
1stc,3
1o9s,2
1llb,1
1b14,2
1mh5,2
1nw7,1
1d6j,1
1ki7,2
1ibj,2
1mg0,4
1dhf,2
1drb,2
1j2j,1
1upf,4
1id0,1
1gck,2
1krr,3
1lth,4
1lwd,2
1ubs,1
3dhe,1
1h1s,4
1ea1,1
1g4s,2
1nb9,2
4hoh,4
1hee,4
1k27,1
1dmy,2
1mj7,1
1vj3,1
4erk,1
1kic,4
1vfr,2
1f7p,2
1e2l,2
1qsr,1
1ix7,1
1mwm,2
1jt1,2
6lpr,1
1bjv,2
1tpw,2
11bg,3
1n2h,8
1jbv,2
2trt,1
1nfs,2
1fr6,2
1ei1,2
1ahy,2
1gex,1
1ia3,2
1o0r,5
1lce,1
1t27,1
1mja,1
1gbc,1
1b02,1
1mma,1
1j78,4
1o2k,1
1fin,2
1inx,4
1n43,4
1aeh,1
1gi2,1
1jcl,2
1d1x,2
2tbs,1
1ox4,1
1c80,1
1nhp,1
1dio,4
1f5f,2
1bmq,1
1if4,1
1as0,1
1frn,1
1bcd,1
1j91,2
1b5o,2
1fwt,2
1z1r,5
1tcb,3
1h7h,2
1fk4,3
1lp6,2
1i4d,1
1b39,2
1swk,4
2ukd,1
1a3l,1
1pzy,4
3drc,2
1fhv,1
1cbk,2
1jcy,2
1nf8,2
1ee1,2
1el4,1
1lh0,2
1enu,1
1gsu,2
1gsp,1
1gvg,1
2ohx,2
1bzl,4
1h6c,2
1egm,4
1jf9,1
1lev,4
1kcc,3
1n4k,1
1h3f,2
1kw6,3
1isi,4
1b9v,2
1jcs,2
1bio,2
1fln,1
1fk3,2
1eyw,2
1h23,3
1o4s,2
1n06,2
1buc,2
1m4i,3
1ttp,1
1fh8,1
1mkv,1
1o3b,1
1e2g,1
2izg,2
1gkc,2
2fx2,1
1m7o,2
1cde,4
1n6x,2
9gss,4
1tlc,4
2rtn,2
1dkp,1
1hox,2
1bn3,1
1vbt,3
1l5f,1
1dqx,4
1ms0,2
1c0i,1
1jiv,1
1aix,2
1jj0,1
1c1n,1
1bks,1
1xug,1
1hb3,1
1c2e,1
1o35,1
6jdw,1
1xzl,1
1fy7,1
3had,2
1hvs,1
1ojz,1
1ghw,2
1g4u,1
1hnj,1
1fl3,2
1h81,6
1hld,2
2bef,3
1ket,4
1hxc,1
1yoo,1
1bq1,4
2gyi,2
1drt,1
1i7c,2
1nm6,2
1mrq,2
1b8g,2
1o2x,1
1bof,1
1aj8,2
1hye,1
1bmk,1
1g9q,2
1k1y,3
1h7p,1
1a5s,2
1nd4,4
1fup,4
1swe,4
1nzf,2
1qcj,2
1rpf,1
1bt4,1
1nav,1
1p9l,3
1a9r,1
1c3w,6
1lzx,2
1kph,4
1g5a,2
1mtb,1
1bru,1
1g35,1
1eoc,1
1jha,1
1gqt,6
1g3c,1
2qwb,5
1add,1
1lh6,1
1tpc,2
1ryc,1
1fec,2
1ixe,8
1akt,1
1gbh,1
1dnc,2
1mud,3
1i2k,1
1fnd,2
6gsu,2
1el7,2
1k06,3
1qfe,2
1nut,2
1fqg,1
1oz1,1
2ay6,2
1o28,1
1fvx,1
1ats,1
1ie8,1
1nv3,1
1jny,2
1jqv,4
1fxu,1
1ini,1
1p5z,2
1n5s,2
1qkt,1
1oad,4
1mos,2
1pbb,1
1pmq,1
1p2d,2
1dd6,2
1hqg,3
1fp1,1
1ed5,6
1qhp,3
1lcb,1
1tyw,1
1gwn,2
1jio,1
1c1c,2
1o3c,1
1yeg,1
1hon,1
1g3d,1
1qo8,2
1i90,1
1k6m,2
1p0f,2
1d9i,2
4xia,2
1db4,1
5std,3
1c7e,2
1epr,2
1fo2,1
1qop,2
2acr,1
1aa6,1
1nrj,2
1byg,1
1ppp,1
1esb,1
1i7b,2
1d1y,2
1lol,2
1px7,4
3grs,1
1kt3,1
1uag,2
3csc,1
1hq2,4
1kev,4
1lo3,2
1c1r,2
1c3x,3
1cmp,1
2fdx,1
3bls,2
1dbg,1
1e2n,2
1jv1,2
1jhm,1
1bdb,1
1i76,1
1eix,4
1h83,6
1lhn,1
1bnn,1
1h86,6
1qj6,2
1jdz,3
1bkj,2
1br5,1
2cut,1
1i9g,1
1nfx,1
1fx1,1
1ksl,5
1beu,2
1nx8,3
1fea,4
1azt,2
1bil,2
1l5m,1
2gsa,2
1kmj,2
1csh,1
1vm1,3
1ct5,2
2ay5,2
1gnn,1
1j8a,4
2ncd,1
1g72,2
1bit,2
2bpy,1
1qf4,1
1mly,2
185l,2
1lho,1
1ds1,3
1nhh,6
1lss,2
1n7h,4
5ull,1
1kax,1
2acq,1
1k6s,2
1bcu,2
1o1t,1
1lwj,2
1c3v,3
1mzc,2
1ekx,3
1cl2,2
1ruv,2
1jb9,1
1nfy,1
1m5d,1
1o6y,1
1j1f,1
1d7u,1
1dr6,2
1eqj,1
1fmc,2
1gky,2
1ezq,1
1g5y,2
1drj,1
1qoq,2
1xzk,2
1jkf,2
1o27,2
1c0k,1
1a9s,1
1cd2,1
1lcv,2
1ki6,2
1fjm,4
2fap,1
1g5c,3
1gvr,1
1ki8,2
1knr,1
1ghx,2
1hqp,1
1h7l,1
1d1q,2
1tbz,2
4csc,1
1pjc,1
1kzl,2
1mx3,1
1ac4,1
1gkd,2
1opj,4
1ec0,1
1n6h,2
1nr6,1
1iic,2
1fnn,2
2std,1
1tcw,1
1dpf,1
1phf,1
1qd1,2
1f57,1
1lr4,1
1ih8,1
1ec1,1
1zei,7
1gsw,1
1n6c,1
1ai5,1
1obh,2
1ej3,2
1elf,1
1qko,1
1bh5,4
2bir,1
1ay8,2
2a3h,1
1cps,1
1c7f,2
1qiq,1
1mpl,4
1e4n,2
1swp,4
1jq3,3
1lj1,2
1hos,1
1qjf,1
1qhr,2
1fvi,1
1udh,1
1qor,2
1nqm,4
1o3k,1
1o37,1
1g17,2
1af6,3
1ki4,2
1m9t,5
1p6d,1
5p2p,2
1mw1,2
1h62,1
1nce,4
1dv6,3
1qg2,1
1k3c,2
1ceb,2
1cb7,2
1km2,1
1owh,1
1dnp,4
1eir,1
1q97,2
7abp,1
1bgg,3
2sli,1
1nwg,2
1vpo,1
1h8y,2
1ajv,1
2glr,2
1ce5,1
1e9d,1
1aqb,1
1vdc,1
1cbo,1
1bo7,1
1nb0,1
1fdr,1
1qi3,1
1a46,2
1arh,2
1nw6,1
1ank,2
1n5l,4
1e6d,2
1hw5,3
1d7y,1
1b59,1
4gr1,2
1c14,2
1g2k,1
1g3b,1
1tio,2
1ra2,1
1i8z,1
2nlr,1
1jrc,2
1ftw,2
1qqs,2
1c23,1
1dlt,3
1k22,3
5p21,1
1gz8,2
1csi,1
1d6a,2
1est,1
1oyb,1
1ppg,4
2ans,2
1kbj,2
1ir3,3
1m2p,1
1atr,1
1bqo,1
1o2j,1
3rab,1
1jmg,1
1b6a,1
1ohr,1
1mgv,2
1ama,1
1m1o,2
1if8,1
1hvl,1
8abp,1
1hb2,1
1g1d,1
1lhe,1
1lbx,2
1qjd,2
1fm8,1
1q54,2
1mdl,1
1apw,4
1gi6,1
1tem,1
1cin,1
1obv,1
1dru,1
1fcz,2
1obg,2
1qgz,1
1fk2,2
1f0l,2
6gsv,2
1vot,1
1brx,1
1fq5,3
1nme,1
1nv8,2
1fmw,1
1cc6,1
1mrk,1
1dkf,2
1lps,3
1bnv,1
1ie9,1
1js3,2
1hsz,2
1bif,2
1agp,1
1dth,2
1lke,1
1ppl,3
1dam,1
1iux,1
1iqr,1
1hy3,2
2ay2,2
1srj,2
1jv4,1
1oke,6
1e2s,2
1daa,2
1nhk,2
1grn,1
2bup,1
1lmc,1
830c,2
1vik,1
1gad,2
1m0o,1
1jcx,2
1a69,3
1m67,2
1km4,1
1knu,1
1doe,1
1dqs,2
1h60,1
1xkb,4
1d2z,1
1kyw,3
1cim,1
1k8z,2
1h70,1
1al8,1
1mj9,1
1phb,1
1f5v,2
1yej,1
1ngg,1
1uio,1
5cts,1
1aq2,1
1l7e,2
1hj9,2
1joc,2
1mp8,1
1hgx,1
1ml4,1
8cpa,1
1lru,3
1qje,1
1jhr,1
1k0i,1
1gj5,2
2bpz,1
1exw,4
1bky,2
1p01,1
2arc,2
1dww,2
1c4u,2
2gss,5
1hmy,1
5mdh,2
1e3r,2
1qnf,2
1k0j,1
1hqt,1
1hxs,2
1hv7,1
1fp4,4
1gwv,2
1no3,1
1eye,1
1tc2,2
1k2i,1
1gew,1
1xzc,1
1c8k,2
1rag,2
1ke5,1
1rai,2
1gr2,1
1oxq,1
1md3,4
1e2j,2
2acu,1
1yda,1
1l4k,1
4aig,1
1jr8,2
1qpe,2
3lbd,1
2qwj,4
1d3g,2
4pah,1
1g36,1
1iop,1
1bvc,1
3hsc,1
1g4x,1
3lkf,1
1eag,1
1ah3,2
11gs,4
1ett,1
1o3f,1
1d7d,5
1ahx,2
1ydt,3
1k2t,2
1e5h,1
1ms6,1
1uca,1
1gj9,2
3erk,1
4daa,2
1gj8,2
1hy7,1
1v1k,2
1ev4,3
1om5,2
1fce,2
1ia1,2
1xlj,2
1c6z,1
1o31,1
1g0c,4
1he3,1
1rad,2
1lic,2
1ges,2
1hvh,1
1m40,1
1djl,2
1tmo,1
1ugx,1
1izi,1
186l,2
2mbr,1
5cna,4
1b54,1
1lii,1
1pt5,2
1et0,1
1e9l,1
1ep2,2
1m66,2
1km6,1
1cnx,1
1jvx,1
183l,2
1o6e,2
1izh,1
1h6m,1
1vru,2
2lpr,1
1m6i,1
1d6z,5
1q8y,2
1ocn,2
1jld,1
1fxh,1
1f0c,1
1hvj,1
1rks,1
1eus,1
2npx,1
2ace,1
1m9j,2
1mxu,3
1blh,1
1ig3,2
1nq0,1
2cp4,1
1ndf,2
1l2i,4
1fu8,2
1boa,1
2oat,3
2tpl,2
1ndi,2
1jhy,2
1n6k,2
2kce,2
1hdg,2
1ee0,2
1g81,1
1dyj,2
1nrl,2
1kvt,2
1zsb,1
1gwh,2
621p,1
1sft,2
1nvk,2
1bcr,4
1xan,2
1exm,1
1g46,1
1rx7,1
1fqc,1
1e2q,1
1dil,1
1lhf,1
1bkw,1
1czs,1
1phe,1
1rxg,1
1go2,1
1k2u,2
1c5z,2
1c50,2
1g67,2
1tsy,1
2fcr,1
1mqb,2
1osh,1
1o2i,1
1pg4,6
1m27,1
1cc4,1
1fj8,4
1fk9,2
1f3b,4
1ii7,1
1brw,3
1rf7,2
1jqi,2
1nhs,1
1scn,1
1ngd,1
1np7,2
1g9h,1
6rsa,1
1c3r,2
1oha,3
1mw2,3
1cmc,2
1o1r,1
2eug,1
1ly4,1
1rpj,1
1i7p,1
1m7b,1
1eyq,2
1kti,2
1jys,2
1mup,1
1fgh,1
1o3g,1
1cze,1
1ctu,1
1ae1,2
1q6p,2
182l,2
2xyl,1
1o0s,4
1dfp,2
1g99,2
2rte,2
1p29,2
1uae,1
1qhf,2
1rah,2
1me3,1
2ifb,1
1a8i,2
1fxf,1
1kao,1
12as,2
1ky3,1
1rc4,2
1b4k,2
1qiw,3
1mmg,1
1qit,1
1q5h,3
2bfv,1
1tyu,1
1pnm,1
5fbp,3
7jdw,1
1nvu,1
2tgd,1
1il0,2
1hvk,1
1b5d,2
4nll,1
1lhg,1
1oe7,2
1g4o,1
1l4e,1
1mfa,1
1cv8,2
1my8,2
3cpp,1
1m3z,4
2rtr,2
1fk1,4
1lsp,1
1npt,4
1gjb,2
1jkh,2
1oyc,1
1thl,1
1c84,1
2rtp,2
1jhv,2
3fap,1
2atj,2
1nq7,1
1cfv,1
1jin,1
1hlk,2
1xlf,2
1j6z,3
1e3e,2
1jgj,2
1o5i,1
1h4g,4
1d2e,4
3bu4,1
2gst,2
1iah,3
1km0,4
1jwt,1
1ofv,1
1lca,1
1o3d,1
1e2f,1
1n0s,2
4tln,1
1exb,1
1a9p,1
1rcf,1
1i3i,1
6acn,2
1ngx,2
1o3l,1
1iyd,3
1n2v,1
1eyi,1
1o3y,2
1k2r,2
1ree,3
3pgt,4
1hn4,1
1fsl,2
1csn,1
1k3t,1
1lgt,2
1p05,1
1jh7,2
1ake,2
1km3,1
1oxp,1
1b8o,1
1lpp,3
1qpk,1
1p8r,2
1lah,1
1hi4,1
1qfl,4
1afq,2
1e5j,1
1ppr,1
1he1,2
1q6t,1
1kc7,1
1trb,1
1jte,1
1mjh,2
1aj0,1
3pax,1
2udp,3
1b63,3
1b8y,1
1k3u,2
1oth,1
1eyj,4
1g0h,2
1f8w,1
6upj,1
1nup,2
1iy7,1
1oo6,2
1aek,1
5acn,2
1gnw,2
8cpp,1
1nst,1
1j1a,1
1phg,1
3sga,2
1grt,1
3rap,2
3uag,3
1ek5,1
1ebz,1
1ft7,1
1eqa,2
1axa,1
1hbv,1
1o2s,1
1b9z,4
1nhj,1
1fzz,1
4fx2,1
1ijh,1
1ecv,2
1ljt,3
1d0s,1
1q72,1
1tpv,2
1jho,1
1o2h,1
1al6,1
1aee,1
1fld,1
1sue,1
1qyg,1
1o76,3
1cg0,1
3dap,2
1mbb,1
1ecs,2
2aky,1
1nuw,1
1ide,1
1mqi,1
1ojc,2
1d03,1
1drh,1
1dr1,1
1k4h,1
1ep1,2
1lod,4
1dju,2
1czu,1
1i30,2
1d4x,1
1djp,2
1k1l,1
1i0z,2
1iow,1
1h5v,1
1dag,1
1eu8,1
1a6w,1
1caq,1
2fax,1
1d7e,1
1krm,1
1gfy,1
1f0t,1
1b0m,1
1ldg,1
8dfr,1
1oj9,2
1gij,1
1gde,2
1h50,1
1nmk,1
2lbd,1
1bdq,1
1jp4,2
1hfr,1
1hp0,2
1exx,2
1xid,1
3mde,2
1ivr,1
1jgl,1
1fwu,1
1i14,2
1ql6,1
9abp,1
1nv4,1
1sri,2
1b38,2
1j1g,2
1h9g,1
1g9a,2
1xii,1
3ukd,1
1hxb,1
1dr2,1
1n5u,5
1i3n,3
2rto,2
1o2q,1
1o2y,1
1mvn,1
1d1a,1
1ghm,1
1it0,4
1tpu,2
1ra1,1
7tln,1
1qst,1
1f8y,2
1l1q,1
1p10,1
1f3d,2
1esz,1
1i00,2
1qgs,1
1igb,1
1o36,1
1h7g,1
1j0n,1
1h5n,2
1qci,2
1qj7,2
1hvv,1
1m8d,3
1eyk,4
1jwz,1
1jhq,1
1hsg,1
1hh8,1
1rrg,2
1p1w,2
1fkw,1
1nnp,2
1n0u,1
1p1c,2
1b3a,2
1ngc,1
1bdu,2
1c88,1
1gcd,1
1a42,1
1jvu,1
1uvt,1
1lf9,2
1aen,1
1gsv,1
1dej,2
1ajn,1
3cbs,1
1itu,6
1qb1,1
1oyo,1
1ngp,1
1h42,1
1nft,1
1php,1
1gpb,1
1jf0,1
1aln,1
1afl,4
1alw,2
4cp4,1
1qh0,1
2phy,1
1czo,1
1evl,4
1gzf,4
1ibv,3
1e7v,1
1e7y,2
4cpp,1
4bu4,1
1foi,2
1srh,2
1ki2,2
1bma,1
1oja,2
1n9l,1
1lby,2
7odc,1
1br6,1
1pmv,1
1l1r,1
1cq8,1
1qr2,2
1c5u,1
2ay1,2
1a8p,1
1aco,1
1lee,1
1dpm,4
1pob,2
1it8,1
1ifu,1
1is4,1
1vid,1
1p2t,1
1mts,1
3gal,2
1c7s,1
1bh6,1
1fkx,1
1d04,1
1j01,1
1g02,1
421p,1
1kf0,2
1pb9,1
1hfp,1
1dob,1
1ooq,2
1h01,2
1o3e,1
2cbs,1
1g8j,2
1yei,1
1mlz,2
1uky,1
1nf3,2
1fue,1
1as3,1
1qj5,2
1i5b,2
7cpp,1
1tag,1
1ktt,2
1opr,2
1kgi,2
1njf,4
1drk,1
1ngh,1
1qb7,2
1k0d,3
1pjk,1
1qhh,1
1eb2,1
1hyb,1
1frq,1
1lrj,2
1bxm,1
1qbb,1
1nhr,1
1rhl,1
1a2t,2
2bgu,1
1xij,1
1kmk,1
1bs1,1
1cx4,2
8rsa,2
1akd,1
1di8,1
35c8,1
1mrj,1
1fh7,1
1me4,1
1map,1
1lhc,1
1n1z,2
1nx3,1
1cml,1
1swn,3
4vgc,1
1ftk,1
1lqa,2
1pv8,1
4sli,1
1j9g,1
1d2f,2
1lbl,1
1qdr,1
1jvy,3
1q6s,2
1ylv,1
1quf,2
1hq5,2
1f0r,1
1i37,1
1mqg,3
1b9s,2
2cd2,1
1dg9,1
1d6v,1
1evy,1
1h63,1
1c1d,3
1nw3,2
1cxz,1
1yvn,1
1eem,1
1vgc,1
1kt6,1
1c3e,2
1flr,1
1k1j,1
1pdz,2
1o26,1
1gi4,1
1hj1,2
1gg2,1
1jx1,1
1mmn,1
1ms8,2
1grg,1
3dmr,1
1bsv,1
1cbq,1
1h3n,1
1ih7,1
2tmk,2
1fds,1
1gbd,1
1o6k,2
1lc8,1
1i5c,2
1if2,1
1df8,2
1k7d,1
1hoo,1
1d0x,1
1m0w,2
1dvr,2
1nxy,2
1fyd,1
1k4c,2
1fy6,1
1a4w,2
1he2,1
1ele,1
1dlm,1
1fu4,2
7upj,1
1ger,2
1db1,1
1abe,1
1i1o,1
1elg,1
1hp5,1
1aem,1
1a9u,1
1ctt,1
6cpa,1
1o3n,1
1fsy,2
1iem,2
1ky2,1
1ffq,1
2hmb,1
1tcx,1
1nas,1
1p0b,1
1did,2
1e4v,2
1cvw,1
2ctc,1
1eos,1
1egy,1
1ejn,1
1pmn,1
1gs3,1
1c0l,1
5fit,3
1gdk,1
1n1t,1
1ka0,1
1dli,2
1f0u,1
1ogx,2
1ma0,2
1rvd,1
4a3h,1
1gc5,1
1g41,1
1o08,1
3jdw,1
1klk,1
1hmr,1
1jbo,3
1cjc,1
1d6w,2
1inc,1
1grb,1
1czk,1
1jdx,1
1xig,1
1pha,1
1cw4,1
1sup,1
1e9c,1
1nht,1
1dms,1
1n4h,1
1eb1,1
1doc,1
1gia,1
1hqd,1
1h85,1
1odw,1
1lgw,2
1kfb,2
1iei,1
1lld,2
1ads,1
2ack,1
1d0y,1
1i0v,1
1k4w,1
1pot,1
1lo2,2
1m7y,1
1get,2
1dl5,2
1bd0,2
1o30,1
1cgl,1
1iuv,1
1e1l,1
1gbt,1
1tvu,1
1e6e,2
1k0b,2
1g74,1
2tio,2
2dln,1
1iol,1
1m6w,2
1jjv,1
1g3q,1
1kxm,1
1ent,1
1km5,1
1gbi,1
2nap,2
1ngi,1
1trd,1
1gsa,1
1tom,2
1m8f,1
1vp9,1
1yef,1
1elu,2
1n5v,1
1g9d,2
1erq,1
1obo,2
1mfb,1
1k1m,1
5nll,1
2ay7,2
1qd6,2
1dr5,1
1iid,1
5tmp,1
1n95,1
1k3d,1
1btx,1
1e3g,1
1p1n,1
1kqw,1
1eny,1
1m64,2
6gsp,1
1zip,1
1c5s,1
1npx,1
1ogz,1
1g7c,1
1nmx,1
1h00,2
1mez,1
1zio,1
1bx1,1
1qus,2
1nn1,1
1ouy,1
1ngf,1
1gs4,1
1eam,1
1fxs,1
1ckp,1
1kec,1
3kiv,1
1j0d,4
1met,1
1ogi,1
1ec2,1
1mfc,1
4dfr,2
1g4t,2
1kn2,1
1eax,1
1odx,1
1cnw,1
1nt1,2
1cb0,1
1czm,1
1b2l,1
1gqy,2
1c2h,1
1oir,1
1h2k,1
1m2g,1
1efc,2
1hpx,1
1dah,1
8est,1
1d7r,1
1e6r,2
1jwv,1
1efz,1
1e8x,1
1b4p,2
1hjg,1
1ho5,2
1boz,1
1ktg,1
1ivb,2
1in6,2
1ja9,1
2flv,1
1loq,2
1f3e,1
1mu0,1
1c9d,2
1f9g,1
5yas,1
1fl2,1
1gt6,2
1ftn,1
1gr0,1
1l4f,1
1v39,2
2bza,1
1yyy,1
1mfp,2
1ici,2
1e9e,1
1m0n,1
1a82,1
1mmy,2
2h4n,1
5upj,1
3kar,1
1drv,1
5eaa,1
1gkz,1
1qga,2
1o2p,1
1hsk,1
1vza,1
1is3,2
1dzj,2
1mzf,1
1gvq,1
3cp4,1
1mtu,1
1m2q,1
2dor,2
1kt7,1
1jah,1
1ebw,1
1spa,1
1p06,1
1fvt,1
1tng,1
1ydb,1
1eob,1
1b6t,1
1d7o,1
1c5p,1
1bfv,1
1m2j,1
1ap9,1
1hwr,1
1hz1,1
1hlf,1
1exp,1
1ctq,1
1c1q,1
1ej0,1
1lvl,1
2hgs,1
1kol,2
4rhn,1
1h7n,1
1tnh,1
1ksg,1
1o03,1
1dor,2
1ml2,1
1odn,1
1qqo,1
1nuu,2
1f2a,1
1ecm,2
1qti,1
1c86,1
1az1,1
1ewy,1
1btu,1
1tpb,2
1e1m,1
1ac8,1
1mq4,1
1nnu,2
2wsy,1
1dje,1
1lp4,1
1o39,1
1fdt,1
1dui,1
1g3u,1
1htg,1
1eb3,1
3nll,1
1aeo,1
2csc,1
1nn3,1
1cg1,1
1mv9,1
1e5i,1
1hpm,1
1daj,1
1csc,1
1i44,1
1o34,1
1l5k,1
2rtm,1
1i4f,2
1hbk,1
1ig0,2
1lvg,2
1fco,2
1hop,2
1tmk,2
1vfn,1
1ajx,1
1fbo,1
1ly3,1
1foj,2
1bgq,1
2usn,1
1m4n,1
1iji,1
1c5q,1
1amq,1
1icn,1
1hxa,1
1eou,1
2izh,2
1ds6,1
1nge,1
1eeh,1
1bx3,1
1bf3,1
1kt4,1
1coz,2
1poc,1
1i91,1
1jg3,2
1ayl,2
1enp,1
1akq,1
1aaw,1
1mg1,1
1n83,1
1f5k,1
1iwj,1
1ll9,1
1c9c,1
1i38,1
1nvr,1
1qzr,3
1llq,2
1phh,1
1vp3,1
1icm,1
1css,1
1jzs,1
1llo,1
3bir,1
1hii,1
1lpu,1
1gx8,1
1ngj,1
1mdt,2
1cgk,1
1m7z,1
1a2b,1
1idb,1
1c5i,1
1a80,1
4thi,1
1qdq,1
1j9e,1
1ba0,1
1jix,1
1mew,1
1o3h,1
1c6x,1
1f7s,1
1mns,1
1naw,1
1oh9,1
1p52,1
1aej,1
1jvj,1
1flv,1
1eno,1
1akw,1
1hfs,1
1btw,1
1nq2,1
1m7q,1
1l5l,1
1hms,1
1nhq,1
1au8,1
1kfe,1
1dar,1
1csr,1
2gsp,1
1mrs,1
1fww,2
1dzp,2
1a9t,1
1dhr,1
1mzm,2
1eiz,1
1aax,1
1lyx,1
1mex,1
1fm7,2
1ke7,1
1fdk,1
1i9l,1
1huq,1
1tx4,1
5a3h,1
1d1c,1
1lie,2
1qrr,1
1maq,1
1pda,1
1e9b,1
1o2m,1
1hi5,1
1etr,1
1amz,1
1oyq,1
1nv0,1
3upj,1
1ida,1
1iz2,1
1clu,1
1m13,1
1drw,1
1xlm,2
1mra,1
1cg3,1
1dty,2
1dbp,1
1crb,1
1g37,1
1owe,1
1que,1
1epq,1
1kly,1
8lpr,1
1rg7,1
1blz,1
1g7s,1
1c4v,2
1mrh,1
1aeq,1
1vcj,1
1n75,1
1p4m,1
1e1k,1
1dmr,1
1o2w,1
1h61,1
1lf0,1
1obc,2
1g2n,1
1ike,1
1ajq,1
1ebf,1
1dfg,2
1j5p,1
1f5l,1
1iqu,1
2fox,1
3mag,2
1czc,1
1nc9,1
1jf2,1
1hvc,1
1f9i,1
6nul,1
9cgt,1
1gjp,1
1qcf,2
3sli,1
1ow3,1
1axr,1
1mpd,1
1ubw,1
1khz,1
1o3o,1
1lpz,1
1akc,1
1a9y,1
1jg7,1
121p,1
1ndc,1
1bg0,1
1jai,1
1ttq,1
1ogj,1
1lfw,1
1gi5,1
1qbt,1
1b2r,1
1jg1,1
1jj9,1
1n1v,1
1bl7,1
1jip,1
1kpe,1
1c2j,1
1f1b,2
1qa0,1
1g52,1
3aky,1
1pro,1
1n8q,1
7lpr,1
1fxv,1
2ay8,2
2ngr,1
1ciz,1
1bjk,1
1gvs,1
1bl6,1
1ah4,2
1gua,1
1fnb,1
1c2d,1
1c1y,1
1ifs,1
1ucc,1
1d2s,1
1day,1
1a26,1
1lid,1
1czn,1
1h7q,1
2pyp,1
1mqj,1
1k0l,1
1mei,1
1coy,1
1a27,1
1f4x,1
1b4x,1
1bfd,1
1pbe,1
1qkp,1
1asd,1
1dyi,2
1ppc,1
1q21,1
2dpm,1
1mqh,1
1nux,1
1ttj,1
7cpa,1
1k97,1
1tyx,1
1ajp,1
1g93,1
1phk,1
1l2q,1
1bwk,1
1b8s,1
1ke6,1
1loo,1
1azm,1
1g7v,1
3a3h,1
1iuw,1
1e1n,1
1if7,1
1tni,1
1h0w,1
1p2a,1
6abp,1
1dy3,1
1htp,1
1j14,1
1okl,1
1it7,1
2dpg,1
1g97,1
1gs5,1
2tys,1
1oiq,1
1d1b,1
1kdk,1
1jg6,1
1b56,1
1gsx,1
1fgx,1
1qin,2
2izk,1
1d0l,1
1o2l,1
1gil,1
1vom,1
1a85,1
1kxp,1
1d4d,1
1me7,1
1ex7,1
1bra,1
1vzc,1
1dr3,1
2lh7,1
1gbl,1
1d2a,1
1d6h,1
4rsk,1
1qf9,1
1iso,1
1n5d,1
1ikt,1
1d4y,1
1b4v,1
1fp2,1
1jkk,1
1pu9,1
1gnm,1
1d0m,1
1g9j,1
1e7u,1
1jim,1
4er1,1
1aha,1
6atj,1
1asa,1
1nwz,1
1rnt,1
1kmy,1
1meu,1
1kay,1
1jpj,1
1dl7,1
1flz,1
1kn4,1
1cj3,1
1nv9,1
1f3p,1
