b.067.003.001_1s1da.pdb,GP2_4001;
c.072.002.002_1jbwa.pdb,ACQ_999;TMF_996;
b.070.003.001_2ajca.pdb,2AB_801;
c.002.001.007_1bw9a.pdb,NAD_360;PPY_361;
b.067.002.003_1w2ta.pdb,SUC_1434;CIT_1433;
a.138.001.003_1qdbb.pdb,HEM_515;HEM_516;HEM_517;HEM_518;HEM_519;
a.123.001.001_2amba.pdb,17H_1001;ICO_935;K10_936;
c.037.001.009_1q0ba.pdb,ADP_601;NAT_604;
c.045.001.002_1aaxa.pdb,BPM_323;BPM_324;892_301;BOG_1283;
c.043.001.003_1t7qa.pdb,COA_1202;152_1201;
c.023.011.001_1x39a.pdb,IDE_1001;
d.126.001.004_1s9ra.pdb,ARG_950;
d.124.001.001_1j1ga.pdb,5GP_295;
d.145.001.001_1wveb.pdb,FAD_599;
c.008.004.001_2or4a.pdb,QUS_1801;
b.068.008.001_1ofza.pdb,FUL_1313;FUL_1314;FUL_1315;FUC_1316;FUL_1317;
b.061.001.001_1n9yc.pdb,BTN_201;
a.099.001.001_1teza.pdb,FAD_5485;
c.001.013.001_1p7tb.pdb,ACO_900;
c.001.009.003_1p6bb.pdb,EBP_8;TEN_403;
c.069.001.020_1yasa.pdb,HIS_300;EPE_350;
c.002.001.013_1x7da.pdb,NAD_1302;ORN_1101;
c.087.001.001_1m5rb.pdb,UDP_401;
c.066.001.039_3egva.pdb,SAH_256;
d.032.001.003_1lkda.pdb,CAQ_301;BP3_301;
b.038.001.001_1lojb.pdb,URI_9007;URI_9007;
c.059.001.002_1jbwa.pdb,ACQ_999;
a.103.001.001_1al6a.pdb,OAA_702;HAX_700;
c.032.001.001_2hxfb.pdb,GDP_600;TA1_601;
c.097.001.001_2fr5a.pdb,TYU_1001;
a.102.001.002_2b4fa.pdb,XYP_1;XYP_1;XYP_500;
b.089.001.001_1iiya.pdb,MAN_201;MAN_203;
d.142.001.006_1m0wa.pdb,ANP_504;3GC_501;
a.003.001.004_1m6zb.pdb,HEC_200;
a.118.021.001_1n8ua.pdb,BDD_411;BDD_412;BDD_413;
a.039.001.002_3cr5x.pdb,PNT_94;PNT_95;
d.090.001.001_1ykic.pdb,FMN_3218;NFZ_3219;FMN_4218;NFZ_4219;
c.031.001.003_2ji7a.pdb,OXT_1566;ADP_1568;
c.023.005.001_1ag9a.pdb,FMN_177;
e.023.001.001_1amua.pdb,PHE_550;AMP_551;
c.001.007.001_2fzba.pdb,NAP_500;ALR_317;ITB_700;
d.174.001.001_1m9ma.pdb,HEM_901;6NI_906;
b.082.002.009_2fcta.pdb,AKG_897;
c.086.001.001_1hdia.pdb,AMP_417;3PG_419;
b.043.005.001_1nb9a.pdb,ADP_301;RBF_401;
d.117.001.001_1kzia.pdb,UMP_302;THG_303;
c.023.014.001_2f2ta.pdb,5IQ_463;5IQ_563;
c.003.001.002_1ojaa.pdb,FAD_600;ISN_601;
d.128.001.002_1bg0a.pdb,ADP_400;DAR_403;
d.038.001.001_2cyea.pdb,COA_603;
c.026.001.001_1pg2a.pdb,ADN_552;MET_553;
d.032.001.002_1lqpa.pdb,FCN_4001;FCN_4002;FCN_4003;
c.007.001.001_1h16a.pdb,COA_1000;
c.066.001.019_1jqea.pdb,SAH_400;QUN_500;
b.045.001.002_1usfa.pdb,FMN_1179;NAP_1180;
d.001.001.004_1bvic.pdb,2GP_254;2GP_255;
d.079.005.001_1h47b.pdb,C5P_1157;
d.143.001.001_2cnqa.pdb,ATP_307;AMP_315;ASP_1308;ASP_1309;ASP_1310;
d.016.001.003_2gf3a.pdb,FOA_401;FOA_402;
c.037.001.004_1m7ga.pdb,AV2_1301;ADX_1302;
a.138.001.001_19hca.pdb,HEM_301;HEM_302;HEM_303;HEM_304;HEM_305;HEM_306;HEM_307;HEM_308;HEM_309;
b.085.007.001_1o9sa.pdb,SAM_402;
a.052.001.001_1rzla.pdb,DKA_201;
c.073.001.002_1gs5a.pdb,NLG_1259;ANP_1260;
c.068.001.007_3cu0a.pdb,GAL_1;UDP_501;
a.134.001.001_2aiba.pdb,CLR_99;
b.082.002.002_1drya.pdb,AAG_331;AKG_330;
c.094.001.001_1lbca.pdb,GLU_326;CYZ_330;CYZ_331;
a.126.001.001_1n5ua.pdb,MYR_1003;MYR_1004;MYR_1005;
c.002.001.003_2g82c.pdb,NAD_336;
b.082.003.002_1i5za.pdb,CMP_301;
a.100.001.004_1mv8a.pdb,GDX_2005;GDX_2006;
c.059.001.001_2jfga.pdb,ADP_1441;
b.029.001.010_6cela.pdb,GLC_450;GLC_455;
b.081.001.001_2jf2a.pdb,U20_901;
c.036.001.010_2r5na.pdb,TPP_672;RP5_681;
c.134.001.001_1q7ta.pdb,BOG_401;BOG_403;
c.070.001.001_1kica.pdb,NOS_801;NOS_803;NOS_804;
c.036.001.005_2ji7a.pdb,ADP_1568;TZD_1554;
c.095.001.002_1bq6a.pdb,COA_390;NAR_390;
b.043.005.002_2vbua.pdb,CDF_1133;
a.003.001.003_3cx5o.pdb,HEM_4023;
a.001.001.002_1do1a.pdb,GLC_349;HEM_154;
d.081.001.003_1q0qa.pdb,DXP_701;
a.121.001.001_1vi0a.pdb,DCC_1;DCC_1;
c.066.001.017_2o07a.pdb,MTA_501;
a.102.004.003_1ld8b.pdb,FPP_902;U49_903;
d.151.001.002_1y21a.pdb,HEM_300;
b.085.004.001_1sjnb.pdb,DUP_3170;
d.108.001.001_1m4gb.pdb,COA_503;RIO_501;PAP_600;PAP_602;
d.145.001.002_1uxya.pdb,FAD_401;EPU_402;
d.005.001.001_11bga.pdb,U2G_130;U2G_131;U2G_132;PAP_125;
a.096.001.002_1muda.pdb,ADE_301;ADE_302;
c.082.001.002_1kaea.pdb,HSO_1001;NAD_1201;
c.026.001.004_1n2ba.pdb,APC_801;PAF_1001;
d.207.001.001_1o26a.pdb,UMP_603;FAD_605;FAD_615;UMP_618;
c.037.001.006_1uj2a.pdb,C5P_2301;ADP_2302;
b.077.003.001_2hyra.pdb,GLC_11;GLC_21;GLC_31;
d.190.001.001_1xlra.pdb,VNL_181;VNL_182;
b.141.001.001_2v7xa.pdb,MET_1600;5FD_1601;
b.082.005.001_1c9sa.pdb,TRP_81;
c.025.001.004_1ja1b.pdb,NAP_1852;
d.093.001.001_1o4oa.pdb,HPS_300;HPS_400;
a.004.001.009_2np5a.pdb,LMT_201;
b.052.001.001_4enga.pdb,CTR_1;CTR_2;
d.122.001.002_1pvga.pdb,ANP_901;
a.104.001.001_1dz4a.pdb,HEM_417;CAM_420;
c.066.001.026_2c7pa.pdb,SAH_1328;
b.068.002.001_1cq1a.pdb,GLC_3;PQQ_1;
c.001.014.001_1ir1a.pdb,CAP_501;
c.036.001.009_2ji7a.pdb,OXT_1566;TZD_1554;
c.068.001.008_1e5ka.pdb,GTP_3;
c.072.001.001_1liia.pdb,ADN_699;ACP_799;
c.001.003.001_1g67a.pdb,ICP_2001;POP_2003;TZP_2005;
d.058.009.001_1ir2a.pdb,CAP_501;
a.204.001.001_1w2ya.pdb,DUN_1230;
d.146.001.001_1uxya.pdb,FAD_401;EPU_402;
c.041.001.002_1nlua.pdb,PHI_2;PHI_2;
b.045.001.001_2i02a.pdb,FMN_200;P33_1;P33_2;P33_2;
c.001.009.004_1j79a.pdb,ORO_410;NCD_950;NCD_950;
d.002.001.003_1lwga.pdb,API_169;NAG_164;BZF_401;261_1002;
a.128.001.001_1rqja.pdb,IPR_900;RIS_901;
c.055.001.003_1czan.pdb,GLC_917;
d.058.032.004_1w1ra.pdb,FAD_1535;ZEA_1536;
b.034.004.001_2rk1a.pdb,NAP_1;
c.055.003.005_2guia.pdb,U5P_2000;U5P_2100;
a.093.001.001_2rbtx.pdb,HEM_390;
b.002.003.005_1oioa.pdb,NAG_201;NAG_202;
c.066.001.025_1jsza.pdb,SAH_400;NDM_600;
a.287.001.001_2ou3a.pdb,I3A_2;
d.080.001.003_1gcza.pdb,YZ9_900;
d.016.001.001_1gpeb.pdb,NAG_601;
d.096.001.004_2pesa.pdb,MUA_800;
d.169.001.001_1g1sb.pdb,SIA_620;TYS_607;
a.029.003.001_1rx0a.pdb,FAD_399;FAD_399;2MC_400;
c.088.001.001_1hfwa.pdb,GLU_350;
c.069.001.010_1ukba.pdb,BEZ_1300;BEZ_1301;BEZ_1302;
d.068.002.002_1ejda.pdb,UD1_1;FCN_2;2AN_550;
c.036.001.006_2r5na.pdb,R5P_670;TPP_672;
c.067.001.004_2bhxa.pdb,PLP_1361;
c.026.002.001_1wxia.pdb,AMP_300;AMP_400;DPO_500;AMP_500;NAD_400;
a.100.001.002_1qmga.pdb,DMV_620;APX_600;
c.023.005.003_1sg0a.pdb,FAD_434;STL_501;STL_502;
c.014.001.004_1on3b.pdb,MCA_4005;
c.067.001.003_1elua.pdb,PDA_400;CSS_2001;
d.058.006.001_3bbfb.pdb,GDP_160;
a.102.002.001_1dl2a.pdb,NAG_600;NAG_800;NAG_700;DMJ_1002;
c.069.001.028_1q0ra.pdb,AKT_600;
b.030.005.002_1w3ya.pdb,PVC_1891;
b.018.001.010_1uyya.pdb,BGC_1134;BGC_1137;BGC_1133;
b.055.001.001_2r09a.pdb,4IP_405;
c.025.001.001_1fnda.pdb,A2P_316;NAP_310;
d.157.001.001_2gfka.pdb,VII_1410;
b.001.018.002_1uh4a.pdb,GLC_802;GLC_903;
c.001.011.002_1mdla.pdb,SMN_399;
c.001.008.007_1x38a.pdb,IDD_1001;
c.001.019.002_1i9cb.pdb,B12_800;5AD_1303;GLU_1305;
a.001.001.003_1qgwc.pdb,PEB_250;PEB_282;PEB_258;
b.081.001.008_3bsya.pdb,ACO_401;ACO_403;
d.079.004.001_3c9ua.pdb,TPP_308;ADP_307;ADP_307;
d.079.001.001_1onib.pdb,BEZ_501;BEZ_502;BEZ_503;BEZ_504;
c.004.001.002_1c0ia.pdb,FAD_1363;
b.097.001.002_1y2wa.pdb,NGA_144;NAG_147;
c.062.001.001_3bqmb.pdb,LA1_401;
b.095.001.001_2ag4a.pdb,LP3_2341;OLA_3628;EPE_900;
c.068.001.002_1yrob.pdb,GDU_126;UDP_127;
e.008.001.007_2asda.pdb,DCP_414;DDG_1813;8OG_1906;
c.055.003.002_1a5va.pdb,Y3_1;
b.085.007.002_2g46a.pdb,SAH_301;
a.004.005.004_1i5za.pdb,CMP_302;
d.079.002.001_2hxfb.pdb,TA1_601;
e.007.001.001_2f3da.pdb,F6P_339;AMP_337;
c.037.001.011_2ck3b.pdb,ANP_600;
c.047.001.005_13gsa.pdb,SAS_1;ILG_2201;
c.080.001.001_1moqa.pdb,GLP_609;
d.026.001.001_2itka.pdb,TPO_502;NAL_504;
c.081.001.001_1eu1a.pdb,MGD_1001;MGD_1002;EPE_2001;
a.211.001.002_1tb7a.pdb,AMP_402;
e.017.001.001_1kt8a.pdb,ILP_400;
d.032.001.001_1qipb.pdb,GNB_1001;GNB_1002;
d.176.001.001_1soxb.pdb,MTE_501;
d.014.001.005_1h72c.pdb,HSE_1300;ANP_1301;
d.092.001.013_1hs6a.pdb,BES_901;
c.037.001.001_1e2fa.pdb,TMP_301;ADP_302;
c.001.008.008_2j8fa.pdb,NAG_1340;NAG_1344;
c.001.008.003_1gvya.pdb,BMA_1427;
c.055.001.013_3bexa.pdb,PAU_248;PAU_248;
c.107.001.001_2hawb.pdb,2PN_2002;
b.003.001.001_1d3ca.pdb,GLC_700;GLC_708;
d.096.001.003_2nm2b.pdb,NEU_122;NEU_222;
e.022.001.001_1dqsa.pdb,NAD_400;CRB_401;
e.005.001.001_1dgfa.pdb,HEM_3000;NDP_4000;
b.068.001.001_1f8ba.pdb,DAN_0;SIA_2;
c.066.001.027_2ibta.pdb,NEA_2001;2PR_6;
c.097.001.004_1g8ma.pdb,AMZ_1001;AMZ_1002;326_4001;
b.043.004.001_1ja1a.pdb,FAD_1750;
c.072.002.001_3uaga.pdb,UMA_450;ADP_451;
a.224.001.001_1sx6a.pdb,LAT_300;
c.069.001.017_1llfa.pdb,F23_1800;
c.030.001.001_1ez1a.pdb,GAR_410;
d.110.006.001_1p0zg.pdb,FLC_1656;
c.124.001.001_1ne7a.pdb,GLC_294;16G_2299;16G_4299;AGP_2298;
b.029.001.002_1urxa.pdb,AAL_1289;AAL_1293;
c.001.010.004_1fxqa.pdb,PEP_1268;
e.008.001.004_1gx6a.pdb,UTP_1001;UTP_1002;UTP_1003;GTP_1532;FIH_2001;
b.034.004.004_2cz6b.pdb,CYI_1302;
c.002.001.006_1qmga.pdb,APX_600;
c.002.001.001_1ee2a.pdb,NAD_1100;CHD_1150;
c.066.001.012_1fp2a.pdb,SAH_1699;HMO_2000;
d.058.004.003_1n5qb.pdb,TNC_1001;
c.001.004.001_1d3ga.pdb,FMN_398;ILC_405;
c.077.001.001_1ai2a.pdb,NAP_2;ICA_1;
d.142.001.009_2r84a.pdb,AMP_400;AMZ_401;
c.001.002.003_1km0a.pdb,UP6_5001;
c.071.001.001_1ia2a.pdb,NDP_193;TQ4_194;
d.313.001.001_1zb6a.pdb,GST_301;DIN_401;T3A_501;
d.113.001.005_1ryaa.pdb,GDP_770;
b.042.002.001_2zqnb.pdb,GAL_322;BGC_331;
c.084.001.001_1p5dx.pdb,G1P_658;
b.115.001.001_1w8ha.pdb,FUC_331;
c.056.005.004_1tf8a.pdb,LEU_903;DPN_911;
e.003.001.001_2hdub.pdb,STC_3115;SM2_400;4MB_1601;4MB_1603;F12_1004;
b.082.001.002_1lrha.pdb,NAG_181;NLA_5190;
b.001.009.001_1d7ba.pdb,NAG_302;HEM_401;
d.016.001.002_1k0ia.pdb,PHB_396;
c.069.001.024_2ajca.pdb,2AB_801;
e.051.001.001_1uwka.pdb,URO_1559;NAD_1558;
d.167.001.001_1ix1a.pdb,BB2_1301;
c.066.001.036_2h11a.pdb,SAH_300;
c.069.001.003_1f0pa.pdb,TRE_1151;TRE_1152;
c.068.001.009_1lzia.pdb,BHG_452;UDP_475;
c.056.002.001_2ai2a.pdb,P1D_4;
b.068.006.001_1pjxa.pdb,DI9_502;
a.001.001.001_1s69a.pdb,HEM_125;
c.056.005.003_2ewba.pdb,ZED_2000;
d.143.001.003_1w2ca.pdb,ANP_1462;I3P_1463;
c.087.001.010_2c1xa.pdb,UDP_1457;B3P_1458;
a.102.001.004_1v7wa.pdb,NDG_1004;NAG_1005;
d.019.001.001_2akrc.pdb,CIS_1001;
c.037.001.002_2iyqa.pdb,SKM_201;ADP_202;
c.121.001.001_2vvoa.pdb,A6P_200;
b.082.002.001_1qjea.pdb,IP1_350;ACV_1325;
e.052.001.001_1z0sa.pdb,ATP_737;ATP_740;POP_3953;
b.082.001.001_1nywa.pdb,DAU_5001;
c.037.001.010_1a82a.pdb,DNN_801;ATP_802;
b.018.001.016_2vxja.pdb,GLA_201;
c.065.001.001_2blnb.pdb,FON_1305;U5P_1306;
a.266.001.001_2nw8a.pdb,TRP_302;TRP_303;HEM_401;
