prot_1atlA.pdb,CA_403;ZN_401;0QI_301;
prot_1m48A.pdb,FRG_301;
prot_3dsrA.pdb,ADP_461;
prot_1einA.pdb,PLC_601;
prot_3du4A.pdb,KAP_451;PLP_450;
prot_1pphE.pdb,0ZG_1;CA_246;
prot_1jcgA.pdb,MG_345;ANP_346;
prot_1goqA.pdb,XYP_404;XYP_405;XYP_401;XYP_403;XYP_402;XYP_406;
prot_3nk7A.pdb,SAM_770;
prot_1fqoA.pdb,F6R_1268;F6R_1267;
prot_3f47A.pdb,CMO_362;CMO_361;FE2_360;I2C_359;
prot_1ezqA.pdb,CA_1;RPR_265;
prot_1mxiA.pdb,SAH_302;
prot_3aaqA.pdb,ARU_1;
prot_3adpA.pdb,NAI_1001;
prot_2x60A.pdb,GTP_601;
prot_3btsB.pdb,NAD_436;
prot_1hdqA.pdb,INF_1308;ZN_1309;
prot_1ogoX.pdb,GLC_1576;BGC_1575;
prot_2wn7A.pdb,NAD_1421;
prot_1jylA.pdb,MG_1996;CDC_1991;CDC_2991;
prot_1htfA.pdb,G26_100;
prot_1nhuA.pdb,153_5001;
prot_2e6uX.pdb,CA_201;COA_200;
prot_1uf8A.pdb,ING_999;
prot_1p5rA.pdb,COA_501;
prot_2j8yA.pdb,PNM_1275;
prot_1wq1G.pdb,GDP_167;AF3_169;
prot_1k3yA.pdb,GOL_3001;GTX_5100;GTX_5200;GOL_3002;
prot_2qttA.pdb,ADE_268;
prot_1ddtA.pdb,APU_950;
prot_1o86A.pdb,LPR_702;GLY_2000;ZN_701;
prot_1b8uA.pdb,OAA_350;NAD_334;
prot_2dyaB.pdb,ADP_502;
prot_3manA.pdb,MAN_403;BMA_402;BMA_401;
prot_1a7xA.pdb,FKA_201;
prot_1exaA.pdb,394_450;
prot_2e0nB.pdb,SAH_301;
prot_1i8zA.pdb,ZN_262;INL_555;
prot_3gdlA.pdb,UP6_301;
prot_2jbtA.pdb,FMN_1423;4HP_1424;
prot_1mkaA.pdb,DAC_172;
prot_1eveA.pdb,E20_2001;
prot_2rkmA.pdb,LYS_2001;LYS_2002;
prot_1etrH.pdb,MIT_1;
prot_1ettH.pdb,0ZG_1;
prot_1kpeB.pdb,ADW_127;
prot_2g97A.pdb,DGB_1001;
prot_3dzlB.pdb,3OC_600;3OC_500;
prot_1nz7A.pdb,901_322;
prot_1v0yA.pdb,HI5_1515;
prot_1ppcE.pdb,CA_480;MID_5;
prot_1x2bA.pdb,STX_401;
prot_1e3vA.pdb,DXC_801;
prot_2zhzB.pdb,ATP_202;ATP_201;
prot_3in1A.pdb,ADP_510;
prot_1ohrA.pdb,1UN_201;
prot_1zdfA.pdb,UPG_411;MN_400;
prot_2hl0A.pdb,A3S_500;
prot_3kakA.pdb,3GC_501;
prot_2chtF.pdb,TSA_206;TSA_205;
prot_1a8tA.pdb,061_250;ZN_252;ZN_251;
prot_2za1A.pdb,OMP_500;
prot_1tvpB.pdb,CBI_699;
prot_2f9wA.pdb,PAU_6002;PAU_6001;
prot_3iesA.pdb,M24_552;
prot_1xwqA.pdb,XYP_501;XYP_500;XYP_502;
prot_1q8jA.pdb,C2F_801;
prot_1k54A.pdb,HOQ_967;
prot_2dptA.pdb,PUY_501;TAR_502;
prot_1nhvA.pdb,154_5001;
prot_3gd9A.pdb,BGC_3;GLC_1;BGC_4;BGC_2;
prot_3a0tA.pdb,ADP_801;
prot_1jieA.pdb,BLM_401;BLM_402;
prot_1br6A.pdb,PT1_301;
prot_1sqfA.pdb,SAM_430;
prot_148lE.pdb,NAG_164;MUB_165;
prot_2hixA.pdb,ATP_602;
prot_2hk1A.pdb,FUD_1300;MN_1004;
prot_2r68A.pdb,SUP_934;
prot_3erkA.pdb,SB4_800;
prot_1qtiA.pdb,GNT_600;
prot_4f10A.pdb,MAW_401;BEM_404;BEM_403;LGU_402;
prot_1afkA.pdb,PAP_125;
prot_1fcvA.pdb,GCU_405;GCU_401;GCU_403;NAG_402;NAG_404;
prot_3kv8A.pdb,FAH_141;FAH_140;FAH_142;FAH_143;
prot_1znzA.pdb,GDP_300;
prot_1i1hA.pdb,COJ_1121;
prot_3efvA.pdb,NAD_463;
prot_1pw1A.pdb,HEL_400;
prot_1v3sA.pdb,ATP_400;ATP_200;
prot_1dcpA.pdb,HBI_105;
prot_2wvaA.pdb,MG_601;TPU_600;
prot_2z0xA.pdb,5CA_200;
prot_3jynA.pdb,NDP_350;
prot_1ybuA.pdb,MN_501;APC_601;
prot_2ggaA.pdb,S3P_601;GPJ_701;
prot_1g6cA.pdb,MG_2007;POP_2003;IFP_2001;TZP_2005;
prot_2ovdA.pdb,DAO_190;
prot_1bnwA.pdb,TPD_555;ZN_262;
prot_1mncA.pdb,ZN_282;ZN_281;CA_283;PLH_280;
prot_3kjgA.pdb,ADP_500;
prot_2w1aC.pdb,TSA_1091;
prot_3ldkA.pdb,SUC_1;
prot_1qjiA.pdb,ZN_1201;PKF_1202;
prot_1e4gT.pdb,ATP_500;
prot_3cxiA.pdb,VIT_311;VIT_306;
prot_2e1tA.pdb,MLC_1001;
prot_2qzzA.pdb,NAP_401;EMF_601;
prot_1bxqA.pdb,PP8_324;MAN_332;
prot_2d29A.pdb,FAD_1001;
prot_2q6vA.pdb,UDP_1081;
prot_1f0tA.pdb,CA_301;PR1_304;
prot_3h2kA.pdb,BOG_399;BOG_398;
prot_1sgcA.pdb,CSI_2;LEU_3;PHE_1;PHE_4;
prot_1foaA.pdb,UD1_449;MN_448;
prot_2zu3A.pdb,ZU3_501;
prot_3exsA.pdb,5RP_501;
prot_3g1xA.pdb,U_230;U_229;
prot_1lzsA.pdb,NAG_139;NAG_141;NAG_138;NAG_137;NAG_140;NAG_136;
prot_1y30A.pdb,FMN_301;
prot_1c5iA.pdb,XYP_501;DFX_502;
prot_1mbzA.pdb,IOT_606;POP_605;MG_603;
prot_1sbyA.pdb,NAD_1255;ETF_1256;
prot_1efyA.pdb,BZC_201;
prot_1h9uA.pdb,LG2_1;
prot_3ek5A.pdb,GTP_2004;GTP_2005;
prot_1bzyA.pdb,POP_400;IMU_300;
prot_3i0dA.pdb,UDP_1;
prot_1og1A.pdb,TAD_1227;
prot_2dttB.pdb,H4B_1002;H4B_1001;
prot_3b6aA.pdb,ZCT_1;
prot_1uvtH.pdb,I48_1;
prot_1bq3A.pdb,IHP_360;
prot_1x55A.pdb,NSS_3002;
prot_2z09A.pdb,ACP_2001;
prot_3bynA.pdb,CA_475;RAF_474;
prot_2qehA.pdb,SRO_145;
prot_1hpvA.pdb,478_200;
prot_2zgmB.pdb,LAT_167;
prot_2vcjA.pdb,2EQ_1224;
prot_1sthA.pdb,CO_150;THP_151;
prot_1pnfA.pdb,NDG_431;NAG_432;
prot_1vh3A.pdb,CMK_263;
prot_1ytmA.pdb,MN_999;OXD_543;ATP_541;
prot_2dkcA.pdb,16G_701;ZN_901;PO4_802;
prot_2qyqA.pdb,PTR_829;
prot_1xvtA.pdb,COA_501;
prot_1fjsA.pdb,CA_507;Z34_500;
prot_1h0sA.pdb,FA6_200;
prot_1xtbA.pdb,S6P_2002;
prot_2ed4A.pdb,NAD_401;FAD_400;
prot_2e3rA.pdb,18C_1100;
prot_3ej0A.pdb,11X_176;11X_177;
prot_1rsdA.pdb,PSB_1001;
prot_1svwA.pdb,MG_300;GTP_401;
prot_2vfcA.pdb,COA_1276;
prot_1u7zA.pdb,PMT_500;
prot_2rfhA.pdb,23N_1309;ZN_1308;
prot_2e5mA.pdb,NAP_450;
prot_2gwhA.pdb,PCI_402;A3P_401;
prot_1gwmA.pdb,BGC_1159;BGC_1158;BGC_1156;BGC_1157;BGC_1160;GLC_1155;CO_1154;
prot_1qhiA.pdb,BPG_1;
prot_2zdqA.pdb,DAL_402;ATP_1501;DAL_401;
prot_3m4eA.pdb,BCD_663;
prot_1lspA.pdb,BUL_295;
prot_1jq3A.pdb,AAT_800;
prot_1g4oA.pdb,ZN_262;BSB_555;
prot_3hp8A.pdb,SUC_109;SUC_108;
prot_1f4gA.pdb,TP4_601;
prot_2gz3A.pdb,AS2_400;NAP_367;
prot_1a2kC.pdb,GDP_220;
prot_1d3pB.pdb,BT3_400;
prot_3h72A.pdb,SIA_900;
prot_2yw2A.pdb,PO4_645;ATP_646;
prot_1ffqA.pdb,NAA_2;AMI_3;NAA_1;
prot_3cgyA.pdb,RDC_700;
prot_5stdA.pdb,UNN_175;CA_501;
prot_1f8gA.pdb,NAD_2500;
prot_1zt9A.pdb,TRP_1001;TRP_901;
prot_1llrD.pdb,LNQ_105;FNG_104;
prot_3h39A.pdb,ATP_501;
prot_2bawA.pdb,B7G_920;VCA_201;B7G_921;
prot_3b4yA.pdb,FLC_337;F42_338;
prot_3kdiA.pdb,A8S_191;
prot_3gpoA.pdb,APR_161;
prot_2oecB.pdb,K_503;ANU_2;
prot_1ch8A.pdb,GPX_432;IMP_440;MG_434;HDA_437;
prot_3ergA.pdb,GTS_234;
prot_1szjG.pdb,NAD_335;
prot_2gj5A.pdb,VD3_164;VD3_163;
prot_2oalB.pdb,FAD_601;
prot_3ku1A.pdb,SAM_226;
prot_3lbzA.pdb,Z89_202;Z89_201;Z88_200;
prot_1cetA.pdb,CLQ_1001;
prot_1zajA.pdb,M2P_3001;
prot_1oxmA.pdb,TC4_901;
prot_2fzsB.pdb,CMQ_502;
prot_2vkmA.pdb,BSD_1386;
prot_1a26A.pdb,CNA_200;
prot_3idoA.pdb,EPE_201;
prot_2zjaA.pdb,ACP_901;
prot_1bs1A.pdb,MG_901;ADP_802;DAA_850;
prot_3ftfA.pdb,SAH_501;
prot_1ltzA.pdb,HBI_500;FE_400;
prot_1jkkA.pdb,MG_510;ANP_300;
prot_1lloA.pdb,NAA_275;AMI_276;NAA_274;
prot_3gidA.pdb,S1A_1000;
prot_2fhjA.pdb,MFN_902;MFN_900;H4Z_905;
prot_1k7eA.pdb,IAG_401;
prot_1bsvA.pdb,NDP_350;
prot_1tywA.pdb,TYV_7;RAM_4;MAN_6;TYV_3;GLA_5;RAM_8;GLA_1;GLC_9;MAN_2;
prot_2chzA.pdb,093_2093;
prot_1lqdB.pdb,CA_1;CMI_301;
prot_1wnzA.pdb,2VA_901;
prot_1fk6A.pdb,LNL_1201;FMT_403;
prot_2e9zA.pdb,MG_1030;UTP_993;
prot_1ogkB.pdb,DUD_1280;
prot_1tkyA.pdb,A3S_500;
prot_1zu0A.pdb,CBS_901;MN_801;
prot_2bogX.pdb,MGL_901;SGC_902;BGC_903;BGC_904;
prot_966cA.pdb,RS2_1;ZN_265;CA_268;CA_269;ZN_266;CA_267;
prot_1e5qA.pdb,NDP_500;SHR_501;
prot_1if7A.pdb,ZN_262;SBR_555;
prot_2c96A.pdb,ATP_962;
prot_1x6uA.pdb,DO8_2634;
prot_1wopA.pdb,FFO_2887;FFO_2888;
prot_1q51A.pdb,CAA_501;
prot_2ateA.pdb,NIA_400;
prot_2cwhB.pdb,PYC_1520;NDP_2510;NDP_1510;
prot_1ql9A.pdb,ZEN_999;CA_480;
prot_1fthA.pdb,A3P_5001;
prot_1r091.pdb,JEN_1000;
prot_1ojzA.pdb,NAD_500;
prot_3kp5A.pdb,KAN_2001;
prot_1rn8A.pdb,DUP_777;
prot_2csnA.pdb,CKI_300;
prot_2ywcA.pdb,XMP_701;
prot_2artA.pdb,AMP_302;MG_1301;LPA_301;
prot_1xpyC.pdb,MG_3377;NLQ_3376;
prot_1ytjA.pdb,ALA_106;PHE_104;GLU_105;LEU_107;
prot_2jgvD.pdb,ADP_1311;
prot_1kwcB.pdb,BPY_401;
prot_2j72B.pdb,GLC_1108;GLC_1111;GLC_1110;GLC_1109;
prot_3gqkA.pdb,ATP_1;
prot_1xz8A.pdb,5GP_200;3GP_300;MG_180;
prot_2hobA.pdb,3IH_1145;
prot_2v8lA.pdb,GLC_1109;GLC_1113;GLC_1110;ZN_1107;GLC_1112;GLC_1108;GLC_1111;GLC_1114;
prot_3dwrA.pdb,0PA_502;PA_502;0PA_503;0PA_501;PA_503;
prot_1y3iA.pdb,NAD_501;
prot_2i56A.pdb,RNS_2001;ZN_502;ZN_501;
prot_3i8xA.pdb,GDP_275;
prot_3hiyA.pdb,MG_401;UTP_501;
prot_2irxA.pdb,GTP_305;MN_304;
prot_3cwkA.pdb,REA_300;
prot_5galB.pdb,NAG_998;GAL_999;
prot_1mq6A.pdb,XLD_500;CA_501;
prot_2ixlA.pdb,TRH_1198;
prot_1k0nA.pdb,GSH_1001;
prot_1p77A.pdb,ATR_300;
prot_2gteA.pdb,VA_501;
prot_3hpiA.pdb,SUC_371;
prot_1oxvA.pdb,MG_1102;ANP_1104;
prot_4stdA.pdb,BFS_173;
prot_2uyqA.pdb,SAM_1311;
prot_1mq5A.pdb,CA_501;XLC_500;
prot_1mu0A.pdb,PHK_300;
prot_1i7lA.pdb,ATP_800;
prot_2b99A.pdb,RDL_1207;RDL_1208;RDL_1205;
prot_1tjwA.pdb,AS1_1004;
prot_2qv7A.pdb,MG_501;ADP_500;
prot_1y2vA.pdb,SER_146;NGA_144;GAL_145;
prot_1d4pB.pdb,BPP_400;
prot_2fk8A.pdb,SAM_302;
prot_1cimA.pdb,ZN_262;PTS_264;MMC_263;
prot_1kv1A.pdb,BMU_391;
prot_1s7lA.pdb,COA_601;
prot_2rk2A.pdb,NAP_1;
prot_3i6cA.pdb,GIA_301;GIA_303;
prot_2zgzA.pdb,MG_322;GNP_323;
prot_1n07A.pdb,FMN_165;ADP_164;
prot_2wzmA.pdb,NA7_1284;
prot_1cenA.pdb,BGC_351;BGC_350;
prot_3a2sX.pdb,SUC_342;
prot_2zasA.pdb,1OH_460;
prot_2qwiA.pdb,NAG_476;BMA_471;NAG_469;NAG_470;MAN_473;MAN_474;G20_800;MAN_472;CA_999;
prot_2r7aA.pdb,HEM_600;
prot_2yyuB.pdb,C5P_2301;
prot_3ll3A.pdb,XUL_7778;DXP_3264;ATP_1760;
prot_7dfrA.pdb,NAP_164;FOL_161;
prot_1vcuA.pdb,DAN_381;
prot_3hitA.pdb,DYN_260;
prot_2fa0A.pdb,HMG_500;
prot_1swkA.pdb,BTN_5100;
prot_2ioaA.pdb,GGA_6001;ADP_3001;MG_5001;MG_5002;
prot_1ow3B.pdb,MG_681;MGF_682;GDP_680;
prot_2ihzA.pdb,LBT_3824;CSF_1741;
prot_1ex8A.pdb,MG_161;A4P_171;
prot_1l8gA.pdb,DBD_322;
prot_1f7bA.pdb,NAU_901;
prot_2royA.pdb,P28_128;
prot_3fwrA.pdb,ADP_221;
prot_3duwA.pdb,SAH_224;
prot_2hblA.pdb,AMP_2001;MN_1002;ZN_1001;
prot_1eyrA.pdb,CDP_1001;
prot_2q71A.pdb,CP3_867;
prot_1u72A.pdb,MTX_188;NDP_187;
prot_1x7pA.pdb,SAM_301;
prot_1pkkB.pdb,DCP_293;
prot_2j4eB.pdb,ITT_1001;
prot_1rzuA.pdb,ADP_1531;
prot_1goyA.pdb,3GP_110;
prot_3lzzA.pdb,GDP_173;
prot_2dveA.pdb,BT5_1301;
prot_1c1hA.pdb,MMP_800;
prot_1jclB.pdb,HPD_802;
prot_3d4pA.pdb,PYR_319;NAD_318;
prot_1um0A.pdb,FMN_1400;FMN_4400;
prot_1r15A.pdb,NCA_319;N_1179;NCA_419;
prot_1p4nA.pdb,DAL_339;MG_401;MG_582;LYS_338;FGA_337;DAL_340;ALA_336;MG_683;
prot_3hvlA.pdb,SRL_1;
prot_2g25A.pdb,TDK_887;MG_888;
prot_3bazA.pdb,NAP_500;
prot_1i7zA.pdb,COC_301;
prot_1ucdA.pdb,U5P_500;URA_501;
prot_1gsaA.pdb,MG_320;GSH_318;ADP_317;MG_319;SO4_400;
prot_3gplA.pdb,ANP_801;
prot_3iiqA.pdb,TYR_6;TRT_325;ALA_5;JZA_324;DAL_2;DSE_1;GLY_3;5PG_4;
prot_2i4nB.pdb,5CA_439;
prot_1vpsB.pdb,SIA_4;GAL_2;NAG_3;SIA_1;
prot_1qbuA.pdb,846_300;
prot_1arcA.pdb,TCK_270;
prot_1onhA.pdb,WY4_400;
prot_1ndiA.pdb,COA_5170;
prot_1jsvA.pdb,U55_400;
prot_2x4oA.pdb,PRO_4;VAL_7;THR_8;LEU_2;CYS_6;THR_3;LEU_5;LEU_9;LYS_1;
prot_1lxmA.pdb,NAG_2004;NAG_2000;BDP_2005;NAG_2002;BDP_2003;BDP_2001;
prot_830cA.pdb,RS1_1;ZN_273;ZN_272;CA_274;
prot_3kbnA.pdb,NI_392;NI_393;GLO_401;
prot_1theA.pdb,0E6_901;
prot_2ntyC.pdb,GDP_1200;
prot_1j9kA.pdb,CA_301;WO4_401;
prot_3a5rA.pdb,HC4_400;
prot_2vu9A.pdb,NGA_2304;BGC_2299;GAL_2301;GAL_2300;SIA_2303;SIA_2302;MG_2298;
prot_2z1sA.pdb,CTT_500;
prot_2bbwA.pdb,GP5_225;
prot_1hnjA.pdb,MLC_350;
prot_1f4fA.pdb,TP3_701;
prot_5tlnA.pdb,BAN_322;CA_318;CA_320;CA_319;CA_317;ZN_321;
prot_2vflA.pdb,C5P_1293;
prot_1c3jA.pdb,UDP_353;
prot_2cx8A.pdb,SAH_300;
prot_3c2fA.pdb,PRP_300;
prot_3stdA.pdb,MQ0_503;
prot_1sz3A.pdb,GNP_3030;GNP_2030;
prot_2hzqA.pdb,STR_300;
prot_1k7fA.pdb,IAV_401;
prot_1a4kH.pdb,FRA_3083;
prot_3b3fA.pdb,SAH_481;
prot_1eswA.pdb,ACR_652;ACR_651;
prot_3hvoA.pdb,VGI_564;
prot_3cpaA.pdb,ZN_308;TYR_502;GLY_501;
prot_1j8rA.pdb,GLA_202;BGC_204;NGA_201;GAL_203;
prot_2fsgA.pdb,ATP_900;
prot_2zcpA.pdb,MG_663;FPS_658;FPS_657;MG_661;
prot_3cagA.pdb,RG_400;ARG_400;ARG_300;RG_300;
prot_7estE.pdb,DMF_9;CA_11;0Z2_1;
prot_1teiA.pdb,MAN_241;MN_238;MAN_243;NAG_244;NAG_240;CA_239;MAN_242;
prot_2gfxA.pdb,PMN_1001;
prot_3f1kA.pdb,NAP_300;
prot_2hxmA.pdb,302_401;
prot_1mmbA.pdb,CA_996;CA_997;ZN_998;BAT_1;ZN_999;
prot_2pknA.pdb,ACP_325;
prot_2varA.pdb,AMP_1316;KDG_1313;ANP_1315;KDF_1314;
prot_1g97A.pdb,UD1_500;MG_460;
prot_2b3dA.pdb,FAD_1206;FAD_1205;
prot_1fkgA.pdb,SB3_108;
prot_2ahwA.pdb,COA_2600;
prot_1kaqA.pdb,DND_601;
prot_3crrA.pdb,DPO_326;
prot_2dzbA.pdb,HH2_1301;
prot_1k1jA.pdb,FD2_999;CA_480;
prot_1xdhA.pdb,STA_1350;VAL_1348;IVA_1347;STA_1352;ALA_1351;VAL_1349;
prot_1ri1A.pdb,SAH_299;GTG_300;
prot_1pfkA.pdb,ADP_326;MG_327;ADP_324;FBP_323;
prot_2rjcA.pdb,MES_602;MES_601;
prot_1kgzB.pdb,MN_501;PRP_700;MN_500;
prot_1nmkA.pdb,SFM_166;
prot_1kv2A.pdb,B96_391;
prot_3ct5A.pdb,NAG_203;NAG_201;NAG_202;
prot_1lbyA.pdb,MN_290;MN_291;MN_292;F6P_595;F6P_295;PO4_293;
prot_3gh6A.pdb,GSH_211;
prot_3maqA.pdb,DGT_914;MG_1002;MG_1001;
prot_2c6zA.pdb,CIR_1281;
prot_1ixnA.pdb,DXP_2001;G3P_1001;
prot_3h18A.pdb,PMS_310;PMS_311;
prot_1k22H.pdb,NA_391;NA_392;MEL_999;
prot_1xqpA.pdb,8HG_258;8HG_257;
prot_1txcA.pdb,2AN_716;2AN_717;2AN_715;
prot_1yfrA.pdb,MG_1502;ATP_1500;
prot_2qo9A.pdb,ANP_948;
prot_3e3sA.pdb,I3C_1003;I3C_1001;I3C_1004;3C_5;I3C_1005;3C_3;3C_4;
prot_1blcA.pdb,TEM_626;CEM_301;
prot_2yw9D.pdb,NAP_500;
prot_1of8B.pdb,G3P_1374;PEP_1373;CO_1372;
prot_1gwxA.pdb,433_1;
prot_1s3fA.pdb,SNI_745;
prot_1khrD.pdb,COA_306;COA_304;VIR_403;
prot_1bqoB.pdb,CA_304;ZN_302;CA_303;ZN_301;CA_305;N25_401;
