prot_11bg.pdb,a;
prot_11gs.pdb,a;
prot_121p.pdb,a;
prot_12as.pdb,a;
prot_13gs.pdb,a;
prot_13pk.pdb,a;
prot_16pk.pdb,a;
prot_17gs.pdb,a;
prot_182l.pdb,a;
prot_183l.pdb,a;
prot_184l.pdb,a;
prot_185l.pdb,a;
prot_186l.pdb,a;
prot_18gs.pdb,a;
prot_19gs.pdb,a;
prot_1a05.pdb,a;
prot_1a0f.pdb,a;
prot_1a0g.pdb,a;
prot_1a0j.pdb,a;
prot_1a0q.pdb,a;
prot_1a0t.pdb,a;
prot_1a26.pdb,a;
prot_1a27.pdb,a;
prot_1a28.pdb,a;
prot_1a2b.pdb,a;
prot_1a2c.pdb,a;
prot_1a2k.pdb,a;
prot_1a2t.pdb,a;
prot_1a3g.pdb,a;
prot_1a3l.pdb,a;
prot_1a42.pdb,a;
prot_1a46.pdb,a;
prot_1a4g.pdb,a;
prot_1a4h.pdb,a;
prot_1a4i.pdb,a;
prot_1a4m.pdb,a;
prot_1a4q.pdb,a;
prot_1a4w.pdb,a;
prot_1a50.pdb,a;
prot_1a53.pdb,a;
prot_1a54.pdb,a;
prot_1a59.pdb,a;
prot_1a5a.pdb,a;
prot_1a5b.pdb,a;
prot_1a5g.pdb,a;
prot_1a5s.pdb,a;
prot_1a5z.pdb,a;
prot_1a69.pdb,a;
prot_1a6v.pdb,a;
prot_1a6w.pdb,a;
prot_1a71.pdb,a;
prot_1a78.pdb,a;
prot_1a80.pdb,a;
prot_1a82.pdb,a;
prot_1a85.pdb,a;
prot_1a86.pdb,a;
prot_1a8g.pdb,a;
prot_1a8i.pdb,a;
prot_1a8p.pdb,a;
prot_1a95.pdb,a;
prot_1a96.pdb,a;
prot_1a9m.pdb,a;
prot_1a9q.pdb,a;
prot_1a9r.pdb,a;
prot_1a9s.pdb,a;
prot_1a9t.pdb,a;
prot_1a9y.pdb,a;
prot_1a9z.pdb,a;
prot_1aa6.pdb,a;
prot_1aaq.pdb,a;
prot_1aaw.pdb,a;
prot_1aax.pdb,a;
prot_1abe.pdb,a;
prot_1abf.pdb,a;
prot_1ac4.pdb,a;
prot_1ac8.pdb,a;
prot_1aco.pdb,a;
prot_1ad4.pdb,a;
prot_1adb.pdb,a;
prot_1add.pdb,a;
prot_1adl.pdb,a;
prot_1ado.pdb,a;
prot_1ads.pdb,a;
prot_1ae1.pdb,a;
prot_1ae8.pdb,a;
prot_1aed.pdb,a;
prot_1aee.pdb,a;
prot_1aef.pdb,a;
prot_1aeh.pdb,a;
prot_1aej.pdb,a;
prot_1aek.pdb,a;
prot_1aem.pdb,a;
prot_1aen.pdb,a;
prot_1aeo.pdb,a;
prot_1af6.pdb,a;
prot_1af7.pdb,a;
prot_1afe.pdb,a;
prot_1afl.pdb,a;
prot_1afq.pdb,a;
prot_1afs.pdb,a;
prot_1ag9.pdb,a;
prot_1agp.pdb,a;
prot_1agw.pdb,a;
prot_1ah0.pdb,a;
prot_1ah3.pdb,a;
prot_1ah4.pdb,a;
prot_1ah5.pdb,a;
prot_1aha.pdb,a;
prot_1ahb.pdb,a;
prot_1ahe.pdb,a;
prot_1ahf.pdb,a;
prot_1ahh.pdb,a;
prot_1ahi.pdb,a;
prot_1aht.pdb,a;
prot_1ahx.pdb,a;
prot_1ahy.pdb,a;
prot_1ai5.pdb,a;
prot_1ai8.pdb,a;
prot_1ai9.pdb,a;
prot_1aia.pdb,a;
prot_1aic.pdb,a;
prot_1aid.pdb,a;
prot_1aij.pdb,a;
prot_1aiq.pdb,a;
prot_1aj0.pdb,a;
prot_1aj2.pdb,a;
prot_1aj7.pdb,a;
prot_1aj8.pdb,a;
prot_1ajk.pdb,a;
prot_1ajn.pdb,a;
prot_1ajp.pdb,a;
prot_1ajq.pdb,a;
prot_1ajs.pdb,a;
prot_1ajv.pdb,a;
prot_1aka.pdb,a;
prot_1akb.pdb,a;
prot_1akc.pdb,a;
prot_1akd.pdb,a;
prot_1ake.pdb,a;
prot_1akq.pdb,a;
prot_1akr.pdb,a;
prot_1akt.pdb,a;
prot_1aku.pdb,a;
prot_1akv.pdb,a;
prot_1akw.pdb,a;
prot_1aky.pdb,a;
prot_1al6.pdb,a;
prot_1al8.pdb,a;
prot_1aln.pdb,a;
prot_1alw.pdb,a;
prot_1am1.pdb,a;
prot_1ama.pdb,a;
prot_1ami.pdb,a;
prot_1amk.pdb,a;
prot_1amq.pdb,a;
prot_1amr.pdb,a;
prot_1amu.pdb,a;
prot_1amw.pdb,a;
prot_1amz.pdb,a;
prot_1an9.pdb,a;
prot_1anc.pdb,a;
prot_1and.pdb,a;
prot_1ane.pdb,a;
prot_1ank.pdb,a;
prot_1aob.pdb,a;
prot_1aoe.pdb,a;
prot_1aog.pdb,a;
prot_1aor.pdb,a;
prot_1ap9.pdb,a;
prot_1apb.pdb,a;
prot_1apt.pdb,a;
prot_1apv.pdb,a;
prot_1apw.pdb,a;
prot_1aq1.pdb,a;
prot_1aq2.pdb,a;
prot_1aqb.pdb,a;
prot_1aqu.pdb,a;
prot_1aqy.pdb,a;
prot_1arg.pdb,a;
prot_1arh.pdb,a;
prot_1ari.pdb,a;
prot_1ars.pdb,a;
prot_1as0.pdb,a;
prot_1as3.pdb,a;
prot_1asa.pdb,a;
prot_1asc.pdb,a;
prot_1asd.pdb,a;
prot_1ase.pdb,a;
prot_1asm.pdb,a;
prot_1asn.pdb,a;
prot_1at3.pdb,a;
prot_1atp.pdb,a;
prot_1atr.pdb,a;
prot_1ats.pdb,a;
prot_1au8.pdb,a;
prot_1aur.pdb,a;
prot_1aux.pdb,a;
prot_1av5.pdb,a;
prot_1awb.pdb,a;
prot_1awf.pdb,a;
prot_1axa.pdb,a;
prot_1axe.pdb,a;
prot_1axg.pdb,a;
prot_1axr.pdb,a;
prot_1axw.pdb,a;
prot_1axz.pdb,a;
prot_1ay4.pdb,a;
prot_1ay5.pdb,a;
prot_1ay6.pdb,a;
prot_1ay8.pdb,a;
prot_1ayl.pdb,a;
prot_1aym.pdb,a;
prot_1az1.pdb,a;
prot_1az8.pdb,a;
prot_1azl.pdb,a;
prot_1azm.pdb,a;
prot_1azs.pdb,a;
prot_1b02.pdb,a;
prot_1b09.pdb,a;
prot_1b0k.pdb,a;
prot_1b0m.pdb,a;
prot_1b0o.pdb,a;
prot_1b12.pdb,a;
prot_1b14.pdb,a;
prot_1b16.pdb,a;
prot_1b1c.pdb,a;
prot_1b2r.pdb,a;
prot_1b37.pdb,a;
prot_1b38.pdb,a;
prot_1b39.pdb,a;
prot_1b3a.pdb,a;
prot_1b42.pdb,a;
prot_1b4e.pdb,a;
prot_1b4k.pdb,a;
prot_1b4p.pdb,a;
prot_1b4s.pdb,a;
prot_1b4u.pdb,a;
prot_1b4v.pdb,a;
prot_1b4x.pdb,a;
prot_1b54.pdb,a;
prot_1b56.pdb,a;
prot_1b59.pdb,a;
prot_1b5d.pdb,a;
prot_1b5e.pdb,a;
prot_1b5g.pdb,a;
prot_1b5o.pdb,a;
prot_1b5p.pdb,a;
prot_1b5q.pdb,a;
prot_1b5t.pdb,a;
prot_1b63.pdb,a;
prot_1b6a.pdb,a;
prot_1b6j.pdb,a;
prot_1b6k.pdb,a;
prot_1b6l.pdb,a;
prot_1b6m.pdb,a;
prot_1b6p.pdb,a;
prot_1b6s.pdb,a;
prot_1b6t.pdb,a;
prot_1b7a.pdb,a;
prot_1b7y.pdb,a;
prot_1b8a.pdb,a;
prot_1b8d.pdb,a;
prot_1b8g.pdb,a;
prot_1b8n.pdb,a;
prot_1b8o.pdb,a;
prot_1b8s.pdb,a;
prot_1b8u.pdb,a;
prot_1b8v.pdb,a;
prot_1b8y.pdb,a;
prot_1b9h.pdb,a;
prot_1b9i.pdb,a;
prot_1b9s.pdb,a;
prot_1b9t.pdb,a;
prot_1b9v.pdb,a;
prot_1b9z.pdb,a;
prot_1ba0.pdb,a;
prot_1ba1.pdb,a;
prot_1bap.pdb,a;
prot_1bav.pdb,a;
prot_1bbp.pdb,a;
prot_1bc5.pdb,a;
prot_1bcd.pdb,a;
prot_1bcr.pdb,a;
prot_1bcs.pdb,a;
prot_1bcu.pdb,a;
prot_1bd0.pdb,a;
prot_1bd4.pdb,a;
prot_1bdb.pdb,a;
prot_1bdq.pdb,a;
prot_1bdu.pdb,a;
prot_1be4.pdb,a;
prot_1be6.pdb,a;
prot_1be8.pdb,a;
prot_1beu.pdb,a;
prot_1bex.pdb,a;
prot_1bf3.pdb,a;
prot_1bfd.pdb,a;
prot_1bfv.pdb,a;
prot_1bg0.pdb,a;
prot_1bg2.pdb,a;
prot_1bgg.pdb,a;
prot_1bgn.pdb,a;
prot_1bgq.pdb,a;
prot_1bh2.pdb,a;
prot_1bh5.pdb,a;
prot_1bh6.pdb,a;
prot_1bhn.pdb,a;
prot_1bht.pdb,a;
prot_1bhx.pdb,a;
prot_1bif.pdb,a;
prot_1bil.pdb,a;
prot_1bio.pdb,a;
prot_1bir.pdb,a;
prot_1bit.pdb,a;
prot_1bj5.pdb,a;
prot_1bjg.pdb,a;
prot_1bji.pdb,a;
prot_1bjk.pdb,a;
prot_1bjp.pdb,a;
prot_1bju.pdb,a;
prot_1bjv.pdb,a;
prot_1bk0.pdb,a;
prot_1bk9.pdb,a;
prot_1bks.pdb,a;
prot_1bkw.pdb,a;
prot_1bky.pdb,a;
prot_1bl5.pdb,a;
prot_1bl6.pdb,a;
prot_1bl7.pdb,a;
prot_1blh.pdb,a;
prot_1blz.pdb,a;
prot_1bma.pdb,a;
prot_1bmd.pdb,a;
prot_1bmk.pdb,a;
prot_1bmq.pdb,a;
prot_1bn1.pdb,a;
prot_1bn3.pdb,a;
prot_1bn4.pdb,a;
prot_1bnn.pdb,a;
prot_1bnq.pdb,a;
prot_1bnt.pdb,a;
prot_1bnu.pdb,a;
prot_1bnv.pdb,a;
prot_1bnw.pdb,a;
prot_1bo4.pdb,a;
prot_1bo6.pdb,a;
prot_1bo7.pdb,a;
prot_1boa.pdb,a;
prot_1bof.pdb,a;
prot_1boz.pdb,a;
prot_1bp1.pdb,a;
prot_1bq1.pdb,a;
prot_1bq4.pdb,a;
prot_1bq6.pdb,a;
prot_1bqe.pdb,a;
prot_1bqo.pdb,a;
prot_1br6.pdb,a;
prot_1bra.pdb,a;
prot_1bru.pdb,a;
prot_1brw.pdb,a;
prot_1brx.pdb,a;
prot_1bs1.pdb,a;
prot_1bso.pdb,a;
prot_1bsv.pdb,a;
prot_1bt4.pdb,a;
prot_1bt5.pdb,a;
prot_1bto.pdb,a;
prot_1btu.pdb,a;
prot_1btw.pdb,a;
prot_1btx.pdb,a;
prot_1bty.pdb,a;
prot_1bu4.pdb,a;
prot_1bu5.pdb,a;
prot_1bul.pdb,a;
prot_1bup.pdb,a;
prot_1bv7.pdb,a;
prot_1bv9.pdb,a;
prot_1bvc.pdb,a;
prot_1bvd.pdb,a;
prot_1bvi.pdb,a;
prot_1bvv.pdb,a;
prot_1bvy.pdb,a;
prot_1bw9.pdb,a;
prot_1bwa.pdb,a;
prot_1bwc.pdb,a;
prot_1bwk.pdb,a;
prot_1bws.pdb,a;
prot_1bx0.pdb,a;
prot_1bx1.pdb,a;
prot_1bx3.pdb,a;
prot_1bx4.pdb,a;
prot_1bx6.pdb,a;
prot_1bxg.pdb,a;
prot_1bxk.pdb,a;
prot_1bxm.pdb,a;
prot_1bxo.pdb,a;
prot_1bxq.pdb,a;
prot_1bxs.pdb,a;
prot_1byg.pdb,a;
prot_1byq.pdb,a;
prot_1byu.pdb,a;
prot_1bzj.pdb,a;
prot_1bzl.pdb,a;
prot_1bzm.pdb,a;
prot_1bzs.pdb,a;
prot_1bzy.pdb,a;
prot_1c0f.pdb,a;
prot_1c0g.pdb,a;
prot_1c0i.pdb,a;
prot_1c0k.pdb,a;
prot_1c0l.pdb,a;
prot_1c14.pdb,a;
prot_1c1b.pdb,a;
prot_1c1c.pdb,a;
prot_1c1d.pdb,a;
prot_1c1e.pdb,a;
prot_1c1n.pdb,a;
prot_1c1q.pdb,a;
prot_1c1u.pdb,a;
prot_1c1v.pdb,a;
prot_1c1w.pdb,a;
prot_1c1x.pdb,a;
prot_1c1y.pdb,a;
prot_1c22.pdb,a;
prot_1c23.pdb,a;
prot_1c24.pdb,a;
prot_1c27.pdb,a;
prot_1c29.pdb,a;
prot_1c2d.pdb,a;
prot_1c2e.pdb,a;
prot_1c2h.pdb,a;
prot_1c2i.pdb,a;
prot_1c2j.pdb,a;
prot_1c2k.pdb,a;
prot_1c2t.pdb,a;
prot_1c3b.pdb,a;
prot_1c3e.pdb,a;
prot_1c3j.pdb,a;
prot_1c3q.pdb,a;
prot_1c3r.pdb,a;
prot_1c3v.pdb,a;
prot_1c3w.pdb,a;
prot_1c3x.pdb,a;
prot_1c4u.pdb,a;
prot_1c4v.pdb,a;
prot_1c50.pdb,a;
prot_1c5c.pdb,a;
prot_1c5i.pdb,a;
prot_1c5n.pdb,a;
prot_1c5o.pdb,a;
prot_1c5p.pdb,a;
prot_1c5q.pdb,a;
prot_1c5r.pdb,a;
prot_1c5s.pdb,a;
prot_1c5t.pdb,a;
prot_1c5u.pdb,a;
prot_1c5z.pdb,a;
prot_1c6x.pdb,a;
prot_1c6y.pdb,a;
prot_1c6z.pdb,a;
prot_1c70.pdb,a;
prot_1c7e.pdb,a;
prot_1c7f.pdb,a;
prot_1c7s.pdb,a;
prot_1c80.pdb,a;
prot_1c81.pdb,a;
prot_1c83.pdb,a;
prot_1c84.pdb,a;
prot_1c86.pdb,a;
prot_1c87.pdb,a;
prot_1c88.pdb,a;
prot_1c8k.pdb,a;
prot_1c8l.pdb,a;
prot_1c8r.pdb,a;
prot_1c8s.pdb,a;
prot_1c8u.pdb,a;
prot_1c8v.pdb,a;
prot_1c96.pdb,a;
prot_1c9c.pdb,a;
prot_1c9d.pdb,a;
prot_1c9k.pdb,a;
prot_1c9u.pdb,a;
prot_1c9w.pdb,a;
prot_1c9y.pdb,a;
prot_1ca7.pdb,a;
prot_1caq.pdb,a;
prot_1cb0.pdb,a;
prot_1cb7.pdb,a;
prot_1cbf.pdb,a;
prot_1cbk.pdb,a;
prot_1cbo.pdb,a;
prot_1cbq.pdb,a;
prot_1cbs.pdb,a;
prot_1cbx.pdb,a;
prot_1cc2.pdb,a;
prot_1cc4.pdb,a;
prot_1cc6.pdb,a;
prot_1cci.pdb,a;
prot_1ccw.pdb,a;
prot_1cd2.pdb,a;
prot_1cde.pdb,a;
prot_1cdk.pdb,a;
prot_1cdo.pdb,a;
prot_1ce5.pdb,a;
prot_1cea.pdb,a;
prot_1ceb.pdb,a;
prot_1cel.pdb,a;
prot_1cf2.pdb,a;
prot_1cf3.pdb,a;
prot_1cfv.pdb,a;
prot_1cg0.pdb,a;
prot_1cg1.pdb,a;
prot_1cg3.pdb,a;
prot_1cg4.pdb,a;
prot_1cg6.pdb,a;
prot_1cgh.pdb,a;
prot_1cgk.pdb,a;
prot_1cgl.pdb,a;
prot_1cgz.pdb,a;
prot_1ch0.pdb,a;
prot_1chm.pdb,a;
prot_1chw.pdb,a;
prot_1ci9.pdb,a;
prot_1cil.pdb,a;
prot_1cim.pdb,a;
prot_1cin.pdb,a;
prot_1cip.pdb,a;
prot_1ciz.pdb,a;
prot_1cj3.pdb,a;
prot_1cjc.pdb,a;
prot_1ck6.pdb,a;
prot_1ckm.pdb,a;
prot_1ckn.pdb,a;
prot_1ckp.pdb,a;
prot_1cl2.pdb,a;
prot_1cle.pdb,a;
prot_1clu.pdb,a;
prot_1cm8.pdb,a;
prot_1cmc.pdb,a;
prot_1cmp.pdb,a;
prot_1cnq.pdb,a;
prot_1cnw.pdb,a;
prot_1cnx.pdb,a;
prot_1com.pdb,a;
prot_1coy.pdb,a;
prot_1coz.pdb,a;
prot_1cpc.pdb,a;
prot_1cps.pdb,a;
prot_1cpu.pdb,a;
prot_1cq1.pdb,a;
prot_1cq7.pdb,a;
prot_1cq8.pdb,a;
prot_1cqs.pdb,a;
prot_1cqx.pdb,a;
prot_1cr5.pdb,a;
prot_1crb.pdb,a;
prot_1cru.pdb,a;
prot_1cs4.pdb,a;
prot_1csc.pdb,a;
prot_1csh.pdb,a;
prot_1csi.pdb,a;
prot_1csn.pdb,a;
prot_1csr.pdb,a;
prot_1css.pdb,a;
prot_1ct1.pdb,a;
prot_1ct5.pdb,a;
prot_1ct8.pdb,a;
prot_1ct9.pdb,a;
prot_1cte.pdb,a;
prot_1ctq.pdb,a;
prot_1ctr.pdb,a;
prot_1ctt.pdb,a;
prot_1ctu.pdb,a;
prot_1cul.pdb,a;
prot_1cv8.pdb,a;
prot_1cvu.pdb,a;
prot_1cvw.pdb,a;
prot_1cvz.pdb,a;
prot_1cw2.pdb,a;
prot_1cw4.pdb,a;
prot_1cwq.pdb,a;
prot_1cwu.pdb,a;
prot_1cx4.pdb,a;
prot_1cx9.pdb,a;
prot_1cxv.pdb,a;
prot_1cxz.pdb,a;
prot_1cy1.pdb,a;
prot_1cy2.pdb,a;
prot_1cy6.pdb,a;
prot_1cy7.pdb,a;
prot_1cy8.pdb,a;
prot_1cyd.pdb,a;
prot_1cza.pdb,a;
prot_1czc.pdb,a;
prot_1cze.pdb,a;
prot_1czh.pdb,a;
prot_1czk.pdb,a;
prot_1czl.pdb,a;
prot_1czm.pdb,a;
prot_1czn.pdb,a;
prot_1czo.pdb,a;
prot_1czr.pdb,a;
prot_1czs.pdb,a;
prot_1czu.pdb,a;
prot_1d03.pdb,a;
prot_1d04.pdb,a;
prot_1d09.pdb,a;
prot_1d0c.pdb,a;
prot_1d0l.pdb,a;
prot_1d0m.pdb,a;
prot_1d0o.pdb,a;
prot_1d0s.pdb,a;
prot_1d0v.pdb,a;
prot_1d0x.pdb,a;
prot_1d0y.pdb,a;
prot_1d0z.pdb,a;
prot_1d1b.pdb,a;
prot_1d1c.pdb,a;
prot_1d1g.pdb,a;
prot_1d1j.pdb,a;
prot_1d1q.pdb,a;
prot_1d1s.pdb,a;
prot_1d1t.pdb,a;
prot_1d1v.pdb,a;
prot_1d1x.pdb,a;
prot_1d1y.pdb,a;
prot_1d2a.pdb,a;
prot_1d2e.pdb,a;
prot_1d2f.pdb,a;
prot_1d2n.pdb,a;
prot_1d2s.pdb,a;
prot_1d2z.pdb,a;
prot_1d3d.pdb,a;
prot_1d3g.pdb,a;
prot_1d3h.pdb,a;
prot_1d3p.pdb,a;
prot_1d3v.pdb,a;
prot_1d4a.pdb,a;
prot_1d4d.pdb,a;
prot_1d4h.pdb,a;
prot_1d4i.pdb,a;
prot_1d4j.pdb,a;
prot_1d4k.pdb,a;
prot_1d4l.pdb,a;
prot_1d4o.pdb,a;
prot_1d4p.pdb,a;
prot_1d4s.pdb,a;
prot_1d4x.pdb,a;
prot_1d4y.pdb,a;
prot_1d5c.pdb,a;
prot_1d5r.pdb,a;
prot_1d6a.pdb,a;
prot_1d6f.pdb,a;
prot_1d6h.pdb,a;
prot_1d6j.pdb,a;
prot_1d6s.pdb,a;
prot_1d6u.pdb,a;
prot_1d6v.pdb,a;
prot_1d6w.pdb,a;
prot_1d6y.pdb,a;
prot_1d6z.pdb,a;
prot_1d7a.pdb,a;
prot_1d7b.pdb,a;
prot_1d7c.pdb,a;
prot_1d7d.pdb,a;
prot_1d7e.pdb,a;
prot_1d7l.pdb,a;
prot_1d7o.pdb,a;
prot_1d7r.pdb,a;
prot_1d7s.pdb,a;
prot_1d7u.pdb,a;
prot_1d7x.pdb,a;
prot_1d7y.pdb,a;
prot_1d8a.pdb,a;
prot_1d8c.pdb,a;
prot_1d8d.pdb,a;
prot_1d8t.pdb,a;
prot_1d9i.pdb,a;
prot_1daa.pdb,a;
prot_1dad.pdb,a;
prot_1daf.pdb,a;
prot_1dag.pdb,a;
prot_1dah.pdb,a;
prot_1daj.pdb,a;
prot_1dak.pdb,a;
prot_1dam.pdb,a;
prot_1dap.pdb,a;
prot_1dar.pdb,a;
prot_1daw.pdb,a;
prot_1day.pdb,a;
prot_1db1.pdb,a;
prot_1db4.pdb,a;
prot_1dbg.pdb,a;
prot_1dbo.pdb,a;
prot_1dbp.pdb,a;
prot_1dbt.pdb,a;
prot_1dbv.pdb,a;
prot_1dc6.pdb,a;
prot_1dcn.pdb,a;
prot_1dd4.pdb,a;
prot_1dd6.pdb,a;
prot_1ddg.pdb,a;
prot_1ddr.pdb,a;
prot_1dds.pdb,a;
prot_1ddt.pdb,a;
prot_1ddu.pdb,a;
prot_1de5.pdb,a;
prot_1de6.pdb,a;
prot_1dej.pdb,a;
prot_1dek.pdb,a;
prot_1df7.pdb,a;
prot_1df8.pdb,a;
prot_1dfg.pdb,a;
prot_1dfh.pdb,a;
prot_1dfi.pdb,a;
prot_1dfo.pdb,a;
prot_1dfp.pdb,a;
prot_1dg1.pdb,a;
prot_1dg5.pdb,a;
prot_1dg7.pdb,a;
prot_1dg8.pdb,a;
prot_1dg9.pdb,a;
prot_1dgb.pdb,a;
prot_1dgf.pdb,a;
prot_1dgg.pdb,a;
prot_1dgh.pdb,a;
prot_1dhf.pdb,a;
prot_1dhi.pdb,a;
prot_1dhr.pdb,a;
prot_1dht.pdb,a;
prot_1di8.pdb,a;
prot_1dia.pdb,a;
prot_1dic.pdb,a;
prot_1did.pdb,a;
prot_1dif.pdb,a;
prot_1dig.pdb,a;
prot_1dih.pdb,a;
prot_1dii.pdb,a;
prot_1dil.pdb,a;
prot_1dim.pdb,a;
prot_1dio.pdb,a;
prot_1dje.pdb,a;
prot_1djl.pdb,a;
prot_1djn.pdb,a;
prot_1djo.pdb,a;
prot_1djp.pdb,a;
prot_1djq.pdb,a;
prot_1dju.pdb,a;
prot_1djw.pdb,a;
prot_1djx.pdb,a;
prot_1dkf.pdb,a;
prot_1dkp.pdb,a;
prot_1dkq.pdb,a;
prot_1dku.pdb,a;
prot_1dl5.pdb,a;
prot_1dl7.pdb,a;
prot_1dlg.pdb,a;
prot_1dli.pdb,a;
prot_1dlk.pdb,a;
prot_1dlm.pdb,a;
prot_1dlq.pdb,a;
prot_1dlr.pdb,a;
prot_1dls.pdb,a;
prot_1dlv.pdb,a;
prot_1dm2.pdb,a;
prot_1dm3.pdb,a;
prot_1dm6.pdb,a;
prot_1dm7.pdb,a;
prot_1dm8.pdb,a;
prot_1dmh.pdb,a;
prot_1dmj.pdb,a;
prot_1dmk.pdb,a;
prot_1dmr.pdb,a;
prot_1dms.pdb,a;
prot_1dmt.pdb,a;
prot_1dmy.pdb,a;
prot_1dna.pdb,a;
prot_1dnc.pdb,a;
prot_1dob.pdb,a;
prot_1doc.pdb,a;
prot_1dod.pdb,a;
prot_1doe.pdb,a;
prot_1dog.pdb,a;
prot_1doh.pdb,a;
prot_1dor.pdb,a;
prot_1dpf.pdb,a;
prot_1dpm.pdb,a;
prot_1dpo.pdb,a;
prot_1dq8.pdb,a;
prot_1dqa.pdb,a;
prot_1dqe.pdb,a;
prot_1dqn.pdb,a;
prot_1dqp.pdb,a;
prot_1dqr.pdb,a;
prot_1dqs.pdb,a;
prot_1dqx.pdb,a;
prot_1dqy.pdb,a;
prot_1dr1.pdb,a;
prot_1dr2.pdb,a;
prot_1dr3.pdb,a;
prot_1dr4.pdb,a;
prot_1dr5.pdb,a;
prot_1dr6.pdb,a;
prot_1dr7.pdb,a;
prot_1drb.pdb,a;
prot_1drf.pdb,a;
prot_1drh.pdb,a;
prot_1drj.pdb,a;
prot_1drk.pdb,a;
prot_1drt.pdb,a;
prot_1dru.pdb,a;
prot_1drv.pdb,a;
prot_1drw.pdb,a;
prot_1dry.pdb,a;
prot_1ds1.pdb,a;
prot_1ds6.pdb,a;
prot_1ds7.pdb,a;
prot_1ds8.pdb,a;
prot_1dss.pdb,a;
prot_1dth.pdb,a;
prot_1dtl.pdb,a;
prot_1dtp.pdb,a;
prot_1dty.pdb,a;
prot_1dug.pdb,a;
prot_1dui.pdb,a;
prot_1duv.pdb,a;
prot_1dv2.pdb,a;
prot_1dv3.pdb,a;
prot_1dv6.pdb,a;
prot_1dvj.pdb,a;
prot_1dvr.pdb,a;
prot_1dwv.pdb,a;
prot_1dww.pdb,a;
prot_1dx6.pdb,a;
prot_1dxo.pdb,a;
prot_1dxr.pdb,a;
prot_1dxy.pdb,a;
prot_1dy3.pdb,a;
prot_1dy4.pdb,a;
prot_1dyh.pdb,a;
prot_1dyi.pdb,a;
prot_1dyj.pdb,a;
prot_1dyr.pdb,a;
prot_1dz4.pdb,a;
prot_1dz6.pdb,a;
prot_1dz8.pdb,a;
prot_1dz9.pdb,a;
prot_1dze.pdb,a;
prot_1dzj.pdb,a;
prot_1dzk.pdb,a;
prot_1dzm.pdb,a;
prot_1dzp.pdb,a;
prot_1e0v.pdb,a;
prot_1e1k.pdb,a;
prot_1e1l.pdb,a;
prot_1e1m.pdb,a;
prot_1e1n.pdb,a;
prot_1e1t.pdb,a;
prot_1e1v.pdb,a;
prot_1e1x.pdb,a;
prot_1e1y.pdb,a;
prot_1e2d.pdb,a;
prot_1e2e.pdb,a;
prot_1e2f.pdb,a;
prot_1e2g.pdb,a;
prot_1e2i.pdb,a;
prot_1e2j.pdb,a;
prot_1e2k.pdb,a;
prot_1e2l.pdb,a;
prot_1e2m.pdb,a;
prot_1e2n.pdb,a;
prot_1e2p.pdb,a;
prot_1e2q.pdb,a;
prot_1e2s.pdb,a;
prot_1e3e.pdb,a;
prot_1e3g.pdb,a;
prot_1e3i.pdb,a;
prot_1e3l.pdb,a;
prot_1e3r.pdb,a;
prot_1e3s.pdb,a;
prot_1e4e.pdb,a;
prot_1e4i.pdb,a;
prot_1e4n.pdb,a;
prot_1e4v.pdb,a;
prot_1e4y.pdb,a;
prot_1e5d.pdb,a;
prot_1e5e.pdb,a;
prot_1e5f.pdb,a;
prot_1e5h.pdb,a;
prot_1e5i.pdb,a;
prot_1e5j.pdb,a;
prot_1e5v.pdb,a;
prot_1e6d.pdb,a;
prot_1e6e.pdb,a;
prot_1e6q.pdb,a;
prot_1e6r.pdb,a;
prot_1e6s.pdb,a;
prot_1e6u.pdb,a;
prot_1e6w.pdb,a;
prot_1e6x.pdb,a;
prot_1e7a.pdb,a;
prot_1e7b.pdb,a;
prot_1e7c.pdb,a;
prot_1e7e.pdb,a;
prot_1e7f.pdb,a;
prot_1e7g.pdb,a;
prot_1e7h.pdb,a;
prot_1e7q.pdb,a;
prot_1e7r.pdb,a;
prot_1e7s.pdb,a;
prot_1e7u.pdb,a;
prot_1e7v.pdb,a;
prot_1e7y.pdb,a;
prot_1e8g.pdb,a;
prot_1e8v.pdb,a;
prot_1e8w.pdb,a;
prot_1e8x.pdb,a;
prot_1e8z.pdb,a;
prot_1e9a.pdb,a;
prot_1e9b.pdb,a;
prot_1e9c.pdb,a;
prot_1e9d.pdb,a;
prot_1e9e.pdb,a;
prot_1e9f.pdb,a;
prot_1e9h.pdb,a;
prot_1e9l.pdb,a;
prot_1e9x.pdb,a;
prot_1ea1.pdb,a;
prot_1eag.pdb,a;
prot_1eam.pdb,a;
prot_1eap.pdb,a;
prot_1eau.pdb,a;
prot_1eax.pdb,a;
prot_1eb1.pdb,a;
prot_1eb2.pdb,a;
prot_1eb3.pdb,a;
prot_1eb9.pdb,a;
prot_1ebf.pdb,a;
prot_1ebg.pdb,a;
prot_1ebw.pdb,a;
prot_1eby.pdb,a;
prot_1ebz.pdb,a;
prot_1ec0.pdb,a;
prot_1ec1.pdb,a;
prot_1ec2.pdb,a;
prot_1ec3.pdb,a;
prot_1ec8.pdb,a;
prot_1ec9.pdb,a;
prot_1ecc.pdb,a;
prot_1ecf.pdb,a;
prot_1ecg.pdb,a;
prot_1ecj.pdb,a;
prot_1ecm.pdb,a;
prot_1ecq.pdb,a;
prot_1ecs.pdb,a;
prot_1ecv.pdb,a;
prot_1ed4.pdb,a;
prot_1ed5.pdb,a;
prot_1ed6.pdb,a;
prot_1edo.pdb,a;
prot_1ee0.pdb,a;
prot_1ee1.pdb,a;
prot_1ee2.pdb,a;
prot_1eed.pdb,a;
prot_1eeh.pdb,a;
prot_1eem.pdb,a;
prot_1eex.pdb,a;
prot_1efc.pdb,a;
prot_1efh.pdb,a;
prot_1efi.pdb,a;
prot_1eft.pdb,a;
prot_1efy.pdb,a;
prot_1efz.pdb,a;
prot_1eg2.pdb,a;
prot_1eg5.pdb,a;
prot_1eg9.pdb,a;
prot_1egh.pdb,a;
prot_1egm.pdb,a;
prot_1egv.pdb,a;
prot_1egy.pdb,a;
prot_1eh5.pdb,a;
prot_1ehi.pdb,a;
prot_1ei1.pdb,a;
prot_1eir.pdb,a;
prot_1eix.pdb,a;
prot_1eiz.pdb,a;
prot_1ej0.pdb,a;
prot_1ej1.pdb,a;
prot_1ej2.pdb,a;
prot_1ej3.pdb,a;
prot_1ej4.pdb,a;
prot_1ejb.pdb,a;
prot_1ejd.pdb,a;
prot_1eje.pdb,a;
prot_1ejh.pdb,a;
prot_1ejj.pdb,a;
prot_1ejn.pdb,a;
prot_1ek0.pdb,a;
prot_1ek4.pdb,a;
prot_1ek5.pdb,a;
prot_1ek6.pdb,a;
prot_1ekf.pdb,a;
prot_1eko.pdb,a;
prot_1ekp.pdb,a;
prot_1ekv.pdb,a;
prot_1ekx.pdb,a;
prot_1el3.pdb,a;
prot_1el4.pdb,a;
prot_1el5.pdb,a;
prot_1el7.pdb,a;
prot_1el8.pdb,a;
prot_1el9.pdb,a;
prot_1elb.pdb,a;
prot_1elc.pdb,a;
prot_1ele.pdb,a;
prot_1elf.pdb,a;
prot_1elg.pdb,a;
prot_1eli.pdb,a;
prot_1elq.pdb,a;
prot_1els.pdb,a;
prot_1elu.pdb,a;
prot_1em6.pdb,a;
prot_1emd.pdb,a;
prot_1eno.pdb,a;
prot_1enp.pdb,a;
prot_1ent.pdb,a;
prot_1enu.pdb,a;
prot_1eny.pdb,a;
prot_1eob.pdb,a;
prot_1eoc.pdb,a;
prot_1eoj.pdb,a;
prot_1eol.pdb,a;
prot_1eou.pdb,a;
prot_1eow.pdb,a;
prot_1ep1.pdb,a;
prot_1ep2.pdb,a;
prot_1ep3.pdb,a;
prot_1ep4.pdb,a;
prot_1ep9.pdb,a;
prot_1epq.pdb,a;
prot_1epr.pdb,a;
prot_1eq9.pdb,a;
prot_1eqa.pdb,a;
prot_1eqc.pdb,a;
prot_1eqj.pdb,a;
prot_1erm.pdb,a;
prot_1erq.pdb,a;
prot_1esb.pdb,a;
prot_1ese.pdb,a;
prot_1esm.pdb,a;
prot_1esq.pdb,a;
prot_1est.pdb,a;
prot_1esv.pdb,a;
prot_1esw.pdb,a;
prot_1esz.pdb,a;
prot_1et0.pdb,a;
prot_1etr.pdb,a;
prot_1ets.pdb,a;
prot_1ett.pdb,a;
prot_1eu1.pdb,a;
prot_1eu8.pdb,a;
prot_1eup.pdb,a;
prot_1eus.pdb,a;
prot_1ev4.pdb,a;
prot_1ev6.pdb,a;
prot_1eve.pdb,a;
prot_1evi.pdb,a;
prot_1evl.pdb,a;
prot_1evr.pdb,a;
prot_1evy.pdb,a;
prot_1ewa.pdb,a;
prot_1ewf.pdb,a;
prot_1ewj.pdb,a;
prot_1ewk.pdb,a;
prot_1ewl.pdb,a;
prot_1ewm.pdb,a;
prot_1ewo.pdb,a;
prot_1ewy.pdb,a;
prot_1ex7.pdb,a;
prot_1ex8.pdb,a;
prot_1exa.pdb,a;
prot_1exb.pdb,a;
prot_1exm.pdb,a;
prot_1exp.pdb,a;
prot_1exv.pdb,a;
prot_1exw.pdb,a;
prot_1exx.pdb,a;
prot_1ey3.pdb,a;
prot_1eye.pdb,a;
prot_1eyi.pdb,a;
prot_1eyj.pdb,a;
prot_1eyk.pdb,a;
prot_1eyn.pdb,a;
prot_1eyq.pdb,a;
prot_1eyr.pdb,a;
prot_1eys.pdb,a;
prot_1eyw.pdb,a;
prot_1eyx.pdb,a;
prot_1eyz.pdb,a;
prot_1ez1.pdb,a;
prot_1ez2.pdb,a;
prot_1ez4.pdb,a;
prot_1ezf.pdb,a;
prot_1ezq.pdb,a;
prot_1f06.pdb,a;
prot_1f07.pdb,a;
prot_1f0c.pdb,a;
prot_1f0l.pdb,a;
prot_1f0p.pdb,a;
prot_1f0r.pdb,a;
prot_1f0s.pdb,a;
prot_1f0t.pdb,a;
prot_1f0u.pdb,a;
prot_1f0x.pdb,a;
prot_1f12.pdb,a;
prot_1f17.pdb,a;
prot_1f1b.pdb,a;
prot_1f1v.pdb,a;
prot_1f28.pdb,a;
prot_1f2a.pdb,a;
prot_1f2b.pdb,a;
prot_1f2d.pdb,a;
prot_1f2e.pdb,a;
prot_1f2u.pdb,a;
prot_1f3a.pdb,a;
prot_1f3b.pdb,a;
prot_1f3d.pdb,a;
prot_1f3e.pdb,a;
prot_1f3l.pdb,a;
prot_1f3p.pdb,a;
prot_1f3t.pdb,a;
prot_1f48.pdb,a;
prot_1f4c.pdb,a;
prot_1f4d.pdb,a;
prot_1f4e.pdb,a;
prot_1f4f.pdb,a;
prot_1f4g.pdb,a;
prot_1f4t.pdb,a;
prot_1f4x.pdb,a;
prot_1f4z.pdb,a;
prot_1f50.pdb,a;
prot_1f57.pdb,a;
prot_1f5a.pdb,a;
prot_1f5f.pdb,a;
prot_1f5k.pdb,a;
prot_1f5l.pdb,a;
prot_1f5n.pdb,a;
prot_1f5v.pdb,a;
prot_1f6b.pdb,a;
prot_1f6d.pdb,a;
prot_1f6t.pdb,a;
prot_1f73.pdb,a;
prot_1f74.pdb,a;
prot_1f76.pdb,a;
prot_1f7b.pdb,a;
prot_1f7p.pdb,a;
prot_1f7q.pdb,a;
prot_1f7s.pdb,a;
prot_1f7t.pdb,a;
prot_1f8b.pdb,a;
prot_1f8c.pdb,a;
prot_1f8d.pdb,a;
prot_1f8e.pdb,a;
prot_1f8f.pdb,a;
prot_1f8g.pdb,a;
prot_1f8i.pdb,a;
prot_1f8r.pdb,a;
prot_1f8w.pdb,a;
prot_1f8y.pdb,a;
prot_1f91.pdb,a;
prot_1f98.pdb,a;
prot_1f99.pdb,a;
prot_1f9a.pdb,a;
prot_1f9g.pdb,a;
prot_1f9h.pdb,a;
prot_1f9i.pdb,a;
prot_1f9o.pdb,a;
prot_1f9t.pdb,a;
prot_1f9u.pdb,a;
prot_1f9v.pdb,a;
prot_1f9w.pdb,a;
prot_1fa2.pdb,a;
prot_1fbh.pdb,a;
prot_1fbo.pdb,a;
prot_1fbp.pdb,a;
prot_1fby.pdb,a;
prot_1fc4.pdb,a;
prot_1fcb.pdb,a;
prot_1fce.pdb,a;
prot_1fcj.pdb,a;
prot_1fco.pdb,a;
prot_1fcx.pdb,a;
prot_1fcz.pdb,a;
prot_1fd0.pdb,a;
prot_1fd7.pdb,a;
prot_1fdj.pdb,a;
prot_1fdk.pdb,a;
prot_1fdq.pdb,a;
prot_1fdr.pdb,a;
prot_1fds.pdb,a;
prot_1fdt.pdb,a;
prot_1fea.pdb,a;
prot_1fec.pdb,a;
prot_1ffq.pdb,a;
prot_1fg3.pdb,a;
prot_1fg7.pdb,a;
prot_1fgg.pdb,a;
prot_1fgh.pdb,a;
prot_1fgi.pdb,a;
prot_1fgx.pdb,a;
prot_1fgy.pdb,a;
prot_1fh0.pdb,a;
prot_1fh7.pdb,a;
prot_1fh8.pdb,a;
prot_1fh9.pdb,a;
prot_1fhd.pdb,a;
prot_1fhv.pdb,a;
prot_1fhw.pdb,a;
prot_1fhx.pdb,a;
prot_1fin.pdb,a;
prot_1fiq.pdb,a;
prot_1fiw.pdb,a;
prot_1fj4.pdb,a;
prot_1fj6.pdb,a;
prot_1fj8.pdb,a;
prot_1fj9.pdb,a;
prot_1fjj.pdb,a;
prot_1fjm.pdb,a;
prot_1fjs.pdb,a;
prot_1fk0.pdb,a;
prot_1fk1.pdb,a;
prot_1fk2.pdb,a;
prot_1fk3.pdb,a;
prot_1fk4.pdb,a;
prot_1fk5.pdb,a;
prot_1fk6.pdb,a;
prot_1fk7.pdb,a;
prot_1fk8.pdb,a;
prot_1fk9.pdb,a;
prot_1fki.pdb,a;
prot_1fkw.pdb,a;
prot_1fkx.pdb,a;
prot_1fl2.pdb,a;
prot_1fl3.pdb,a;
prot_1fla.pdb,a;
prot_1fld.pdb,a;
prot_1flm.pdb,a;
prot_1fln.pdb,a;
prot_1flr.pdb,a;
prot_1flv.pdb,a;
prot_1flz.pdb,a;
prot_1fm4.pdb,a;
prot_1fm7.pdb,a;
prot_1fm8.pdb,a;
prot_1fmc.pdb,a;
prot_1fmj.pdb,a;
prot_1fmo.pdb,a;
prot_1fmw.pdb,a;
prot_1fnb.pdb,a;
prot_1fnc.pdb,a;
prot_1fnd.pdb,a;
prot_1fnn.pdb,a;
prot_1fo2.pdb,a;
prot_1fo3.pdb,a;
prot_1foa.pdb,a;
prot_1foi.pdb,a;
prot_1foj.pdb,a;
prot_1fp1.pdb,a;
prot_1fp2.pdb,a;
prot_1fp4.pdb,a;
prot_1fp6.pdb,a;
prot_1fpc.pdb,a;
prot_1fpd.pdb,a;
prot_1fpe.pdb,a;
prot_1fpf.pdb,a;
prot_1fpi.pdb,a;
prot_1fpu.pdb,a;
prot_1fpx.pdb,a;
prot_1fq5.pdb,a;
prot_1fqc.pdb,a;
prot_1fqd.pdb,a;
prot_1fqj.pdb,a;
prot_1fqk.pdb,a;
prot_1fr6.pdb,a;
prot_1fr8.pdb,a;
prot_1frb.pdb,a;
prot_1frn.pdb,a;
prot_1fro.pdb,a;
prot_1frq.pdb,a;
prot_1frw.pdb,a;
prot_1fs4.pdb,a;
prot_1fsg.pdb,a;
prot_1fsl.pdb,a;
prot_1fsw.pdb,a;
prot_1fsy.pdb,a;
prot_1ft7.pdb,a;
prot_1fta.pdb,a;
prot_1fth.pdb,a;
prot_1ftk.pdb,a;
prot_1ftl.pdb,a;
prot_1ftm.pdb,a;
prot_1ftn.pdb,a;
prot_1ftw.pdb,a;
prot_1fty.pdb,a;
prot_1fu4.pdb,a;
prot_1fu7.pdb,a;
prot_1fu8.pdb,a;
prot_1fue.pdb,a;
prot_1fup.pdb,a;
prot_1fur.pdb,a;
prot_1fuy.pdb,a;
prot_1fv0.pdb,a;
prot_1fvg.pdb,a;
prot_1fvi.pdb,a;
prot_1fvt.pdb,a;
prot_1fvx.pdb,a;
prot_1fw0.pdb,a;
prot_1fw1.pdb,a;
prot_1fw9.pdb,a;
prot_1fwk.pdb,a;
prot_1fwt.pdb,a;
prot_1fwu.pdb,a;
prot_1fwv.pdb,a;
prot_1fww.pdb,a;
prot_1fwy.pdb,a;
prot_1fx1.pdb,a;
prot_1fx2.pdb,a;
prot_1fx9.pdb,a;
prot_1fxf.pdb,a;
prot_1fxh.pdb,a;
prot_1fxq.pdb,a;
prot_1fxs.pdb,a;
prot_1fxu.pdb,a;
prot_1fxv.pdb,a;
prot_1fy6.pdb,a;
prot_1fy7.pdb,a;
prot_1fyd.pdb,a;
prot_1fyf.pdb,a;
prot_1fzz.pdb,a;
prot_1g02.pdb,a;
prot_1g0c.pdb,a;
prot_1g0h.pdb,a;
prot_1g0i.pdb,a;
prot_1g0n.pdb,a;
prot_1g0o.pdb,a;
prot_1g16.pdb,a;
prot_1g17.pdb,a;
prot_1g1a.pdb,a;
prot_1g1b.pdb,a;
prot_1g1d.pdb,a;
prot_1g27.pdb,a;
prot_1g2a.pdb,a;
prot_1g2k.pdb,a;
prot_1g2l.pdb,a;
prot_1g2n.pdb,a;
prot_1g2o.pdb,a;
prot_1g2w.pdb,a;
prot_1g30.pdb,a;
prot_1g32.pdb,a;
prot_1g35.pdb,a;
prot_1g36.pdb,a;
prot_1g37.pdb,a;
prot_1g3b.pdb,a;
prot_1g3c.pdb,a;
prot_1g3d.pdb,a;
prot_1g3e.pdb,a;
prot_1g3m.pdb,a;
prot_1g3q.pdb,a;
prot_1g3u.pdb,a;
prot_1g41.pdb,a;
prot_1g45.pdb,a;
prot_1g46.pdb,a;
prot_1g48.pdb,a;
prot_1g4j.pdb,a;
prot_1g4k.pdb,a;
prot_1g4o.pdb,a;
prot_1g4s.pdb,a;
prot_1g4t.pdb,a;
prot_1g4u.pdb,a;
prot_1g4v.pdb,a;
prot_1g4x.pdb,a;
prot_1g52.pdb,a;
prot_1g53.pdb,a;
prot_1g54.pdb,a;
prot_1g55.pdb,a;
prot_1g5a.pdb,a;
prot_1g5c.pdb,a;
prot_1g5y.pdb,a;
prot_1g60.pdb,a;
prot_1g63.pdb,a;
prot_1g64.pdb,a;
prot_1g67.pdb,a;
prot_1g69.pdb,a;
prot_1g6i.pdb,a;
prot_1g6k.pdb,a;
prot_1g6n.pdb,a;
prot_1g6o.pdb,a;
prot_1g6s.pdb,a;
prot_1g6t.pdb,a;
prot_1g72.pdb,a;
prot_1g74.pdb,a;
prot_1g7c.pdb,a;
prot_1g7s.pdb,a;
prot_1g7t.pdb,a;
prot_1g7v.pdb,a;
prot_1g7w.pdb,a;
prot_1g7x.pdb,a;
prot_1g81.pdb,a;
prot_1g8i.pdb,a;
prot_1g8j.pdb,a;
prot_1g8m.pdb,a;
prot_1g8o.pdb,a;
prot_1g93.pdb,a;
prot_1g97.pdb,a;
prot_1g98.pdb,a;
prot_1g99.pdb,a;
prot_1g9a.pdb,a;
prot_1g9b.pdb,a;
prot_1g9c.pdb,a;
prot_1g9d.pdb,a;
prot_1g9h.pdb,a;
prot_1g9j.pdb,a;
prot_1g9q.pdb,a;
prot_1g9r.pdb,a;
prot_1g9v.pdb,a;
prot_1ga0.pdb,a;
prot_1ga8.pdb,a;
prot_1ga9.pdb,a;
prot_1gad.pdb,a;
prot_1gae.pdb,a;
prot_1gaf.pdb,a;
prot_1gal.pdb,a;
prot_1gbc.pdb,a;
prot_1gbd.pdb,a;
prot_1gbh.pdb,a;
prot_1gbi.pdb,a;
prot_1gbl.pdb,a;
prot_1gbm.pdb,a;
prot_1gbn.pdb,a;
prot_1gbt.pdb,a;
prot_1gc5.pdb,a;
prot_1gcd.pdb,a;
prot_1gco.pdb,a;
prot_1gcz.pdb,a;
prot_1gd1.pdb,a;
prot_1gd9.pdb,a;
prot_1gdd.pdb,a;
prot_1gde.pdb,a;
prot_1gdk.pdb,a;
prot_1geb.pdb,a;
prot_1gee.pdb,a;
prot_1ger.pdb,a;
prot_1ges.pdb,a;
prot_1get.pdb,a;
prot_1geu.pdb,a;
prot_1gew.pdb,a;
prot_1gex.pdb,a;
prot_1gey.pdb,a;
prot_1gfi.pdb,a;
prot_1gfy.pdb,a;
prot_1gg1.pdb,a;
prot_1gg2.pdb,a;
prot_1gg5.pdb,a;
prot_1gg6.pdb,a;
prot_1ggd.pdb,a;
prot_1ggn.pdb,a;
prot_1ghe.pdb,a;
prot_1ghm.pdb,a;
prot_1ghv.pdb,a;
prot_1ghw.pdb,a;
prot_1ghx.pdb,a;
prot_1ghy.pdb,a;
prot_1ghz.pdb,a;
prot_1gi0.pdb,a;
prot_1gi1.pdb,a;
prot_1gi2.pdb,a;
prot_1gi3.pdb,a;
prot_1gi4.pdb,a;
prot_1gi5.pdb,a;
prot_1gi6.pdb,a;
prot_1gia.pdb,a;
prot_1gii.pdb,a;
prot_1gij.pdb,a;
prot_1gil.pdb,a;
prot_1gis.pdb,a;
prot_1giu.pdb,a;
prot_1gj4.pdb,a;
prot_1gj5.pdb,a;
prot_1gj6.pdb,a;
prot_1gj7.pdb,a;
prot_1gj8.pdb,a;
prot_1gj9.pdb,a;
prot_1gja.pdb,a;
prot_1gjb.pdb,a;
prot_1gjc.pdb,a;
prot_1gjd.pdb,a;
prot_1gjm.pdb,a;
prot_1gjp.pdb,a;
prot_1gjw.pdb,a;
prot_1gkc.pdb,a;
prot_1gkd.pdb,a;
prot_1gkl.pdb,a;
prot_1gky.pdb,a;
prot_1gkz.pdb,a;
prot_1glq.pdb,a;
prot_1gm7.pdb,a;
prot_1gm8.pdb,a;
prot_1gm9.pdb,a;
prot_1gmh.pdb,a;
prot_1gmy.pdb,a;
prot_1gn8.pdb,a;
prot_1gni.pdb,a;
prot_1gnm.pdb,a;
prot_1gnn.pdb,a;
prot_1gno.pdb,a;
prot_1gnq.pdb,a;
prot_1gnw.pdb,a;
prot_1go2.pdb,a;
prot_1got.pdb,a;
prot_1gox.pdb,a;
prot_1goy.pdb,a;
prot_1gp2.pdb,a;
prot_1gpb.pdb,a;
prot_1gpe.pdb,a;
prot_1gpk.pdb,a;
prot_1gpn.pdb,a;
prot_1gpu.pdb,a;
prot_1gpy.pdb,a;
prot_1gqg.pdb,a;
prot_1gqh.pdb,a;
prot_1gqk.pdb,a;
prot_1gql.pdb,a;
prot_1gqr.pdb,a;
prot_1gqt.pdb,a;
prot_1gqy.pdb,a;
prot_1gr0.pdb,a;
prot_1gr1.pdb,a;
prot_1gr2.pdb,a;
prot_1gra.pdb,a;
prot_1grb.pdb,a;
prot_1gre.pdb,a;
prot_1grf.pdb,a;
prot_1grg.pdb,a;
prot_1grn.pdb,a;
prot_1grt.pdb,a;
prot_1gs3.pdb,a;
prot_1gs4.pdb,a;
prot_1gs5.pdb,a;
prot_1gsa.pdb,a;
prot_1gse.pdb,a;
prot_1gsi.pdb,a;
prot_1gsj.pdb,a;
prot_1gsn.pdb,a;
prot_1gsp.pdb,a;
prot_1gsq.pdb,a;
prot_1gsu.pdb,a;
prot_1gsv.pdb,a;
prot_1gsw.pdb,a;
prot_1gsx.pdb,a;
prot_1gsy.pdb,a;
prot_1gt6.pdb,a;
prot_1gtk.pdb,a;
prot_1gtz.pdb,a;
prot_1gu1.pdb,a;
prot_1gua.pdb,a;
prot_1guf.pdb,a;
prot_1gup.pdb,a;
prot_1guq.pdb,a;
prot_1guy.pdb,a;
prot_1guz.pdb,a;
prot_1gv0.pdb,a;
prot_1gv4.pdb,a;
prot_1gve.pdb,a;
prot_1gvg.pdb,a;
prot_1gvo.pdb,a;
prot_1gvq.pdb,a;
prot_1gvr.pdb,a;
prot_1gvs.pdb,a;
prot_1gvv.pdb,a;
prot_1gvy.pdb,a;
prot_1gw1.pdb,a;
prot_1gw6.pdb,a;
prot_1gwc.pdb,a;
prot_1gwh.pdb,a;
prot_1gwj.pdb,a;
prot_1gwn.pdb,a;
prot_1gwq.pdb,a;
prot_1gwr.pdb,a;
prot_1gwv.pdb,a;
prot_1gww.pdb,a;
prot_1gx0.pdb,a;
prot_1gx1.pdb,a;
prot_1gx4.pdb,a;
prot_1gx6.pdb,a;
prot_1gx8.pdb,a;
prot_1gx9.pdb,a;
prot_1gxa.pdb,a;
prot_1gxs.pdb,a;
prot_1gxz.pdb,a;
prot_1gy9.pdb,a;
prot_1gyy.pdb,a;
prot_1gz1.pdb,a;
prot_1gz5.pdb,a;
prot_1gz8.pdb,a;
prot_1gzf.pdb,a;
prot_1gzg.pdb,a;
prot_1h00.pdb,a;
prot_1h01.pdb,a;
prot_1h07.pdb,a;
prot_1h08.pdb,a;
prot_1h0g.pdb,a;
prot_1h0p.pdb,a;
prot_1h0s.pdb,a;
prot_1h0v.pdb,a;
prot_1h0w.pdb,a;
prot_1h11.pdb,a;
prot_1h18.pdb,a;
prot_1h1i.pdb,a;
prot_1h1m.pdb,a;
prot_1h1p.pdb,a;
prot_1h1q.pdb,a;
prot_1h1r.pdb,a;
prot_1h1s.pdb,a;
prot_1h1w.pdb,a;
prot_1h23.pdb,a;
prot_1h2b.pdb,a;
prot_1h2j.pdb,a;
prot_1h2k.pdb,a;
prot_1h2l.pdb,a;
prot_1h2m.pdb,a;
prot_1h2s.pdb,a;
prot_1h2y.pdb,a;
prot_1h3f.pdb,a;
prot_1h3n.pdb,a;
prot_1h41.pdb,a;
prot_1h42.pdb,a;
prot_1h46.pdb,a;
prot_1h4g.pdb,a;
prot_1h4i.pdb,a;
prot_1h4w.pdb,a;
prot_1h50.pdb,a;
prot_1h5n.pdb,a;
prot_1h5r.pdb,a;
prot_1h5s.pdb,a;
prot_1h5t.pdb,a;
prot_1h5u.pdb,a;
prot_1h5v.pdb,a;
prot_1h5x.pdb,a;
prot_1h60.pdb,a;
prot_1h61.pdb,a;
prot_1h62.pdb,a;
prot_1h63.pdb,a;
prot_1h65.pdb,a;
prot_1h66.pdb,a;
prot_1h68.pdb,a;
prot_1h69.pdb,a;
prot_1h6a.pdb,a;
prot_1h6c.pdb,a;
prot_1h6m.pdb,a;
prot_1h70.pdb,a;
prot_1h72.pdb,a;
prot_1h73.pdb,a;
prot_1h78.pdb,a;
prot_1h7f.pdb,a;
prot_1h7g.pdb,a;
prot_1h7h.pdb,a;
prot_1h7l.pdb,a;
prot_1h7n.pdb,a;
prot_1h7o.pdb,a;
prot_1h7p.pdb,a;
prot_1h7q.pdb,a;
prot_1h7r.pdb,a;
prot_1h7t.pdb,a;
prot_1h81.pdb,a;
prot_1h82.pdb,a;
prot_1h83.pdb,a;
prot_1h84.pdb,a;
prot_1h85.pdb,a;
prot_1h86.pdb,a;
prot_1h8i.pdb,a;
prot_1h8p.pdb,a;
prot_1h8y.pdb,a;
prot_1h94.pdb,a;
prot_1h9a.pdb,a;
prot_1h9g.pdb,a;
prot_1ha3.pdb,a;
prot_1hb1.pdb,a;
prot_1hb2.pdb,a;
prot_1hb3.pdb,a;
prot_1hb4.pdb,a;
prot_1hbj.pdb,a;
prot_1hbk.pdb,a;
prot_1hbv.pdb,a;
prot_1hck.pdb,a;
prot_1hdg.pdb,a;
prot_1hdi.pdb,a;
prot_1hdo.pdb,a;
prot_1hdr.pdb,a;
prot_1hdu.pdb,a;
prot_1he1.pdb,a;
prot_1he2.pdb,a;
prot_1he3.pdb,a;
prot_1he4.pdb,a;
prot_1he5.pdb,a;
prot_1hee.pdb,a;
prot_1het.pdb,a;
prot_1heu.pdb,a;
prot_1hf3.pdb,a;
prot_1hfp.pdb,a;
prot_1hfq.pdb,a;
prot_1hfr.pdb,a;
prot_1hfs.pdb,a;
prot_1hg0.pdb,a;
prot_1hgx.pdb,a;
prot_1hh8.pdb,a;
prot_1hi4.pdb,a;
prot_1hi5.pdb,a;
prot_1hih.pdb,a;
prot_1hii.pdb,a;
prot_1hiv.pdb,a;
prot_1hj1.pdb,a;
prot_1hj8.pdb,a;
prot_1hjg.pdb,a;
prot_1hjo.pdb,a;
prot_1hk4.pdb,a;
prot_1hld.pdb,a;
prot_1hlf.pdb,a;
prot_1hlk.pdb,a;
prot_1hm9.pdb,a;
prot_1hmp.pdb,a;
prot_1hmr.pdb,a;
prot_1hms.pdb,a;
prot_1hmt.pdb,a;
prot_1hmy.pdb,a;
prot_1hn4.pdb,a;
prot_1hnd.pdb,a;
prot_1hnh.pdb,a;
prot_1hnj.pdb,a;
prot_1hnn.pdb,a;
prot_1ho4.pdb,a;
prot_1ho5.pdb,a;
prot_1hon.pdb,a;
prot_1hoo.pdb,a;
prot_1hop.pdb,a;
prot_1hor.pdb,a;
prot_1hos.pdb,a;
prot_1hox.pdb,a;
prot_1hp0.pdb,a;
prot_1hp5.pdb,a;
prot_1hpm.pdb,a;
prot_1hpo.pdb,a;
prot_1hps.pdb,a;
prot_1hpv.pdb,a;
prot_1hpx.pdb,a;
prot_1hq2.pdb,a;
prot_1hq5.pdb,a;
prot_1hqd.pdb,a;
prot_1hqg.pdb,a;
prot_1hqp.pdb,a;
prot_1hqt.pdb,a;
prot_1hrk.pdb,a;
prot_1hrn.pdb,a;
prot_1hs6.pdb,a;
prot_1hsh.pdb,a;
prot_1hsk.pdb,a;
prot_1hso.pdb,a;
prot_1hsr.pdb,a;
prot_1hsz.pdb,a;
prot_1ht0.pdb,a;
prot_1htg.pdb,a;
prot_1htp.pdb,a;
prot_1htw.pdb,a;
prot_1hu9.pdb,a;
prot_1huq.pdb,a;
prot_1hur.pdb,a;
prot_1huv.pdb,a;
prot_1hv7.pdb,a;
prot_1hv9.pdb,a;
prot_1hvc.pdb,a;
prot_1hvh.pdb,a;
prot_1hvi.pdb,a;
prot_1hvj.pdb,a;
prot_1hvk.pdb,a;
prot_1hvl.pdb,a;
prot_1hvr.pdb,a;
prot_1hvs.pdb,a;
prot_1hvv.pdb,a;
prot_1hvy.pdb,a;
prot_1hw5.pdb,a;
prot_1hw8.pdb,a;
prot_1hw9.pdb,a;
prot_1hwi.pdb,a;
prot_1hwj.pdb,a;
prot_1hwk.pdb,a;
prot_1hwl.pdb,a;
prot_1hww.pdb,a;
prot_1hxa.pdb,a;
prot_1hxb.pdb,a;
prot_1hxc.pdb,a;
prot_1hxd.pdb,a;
prot_1hxp.pdb,a;
prot_1hxs.pdb,a;
prot_1hxw.pdb,a;
prot_1hy3.pdb,a;
prot_1hy7.pdb,a;
prot_1hyb.pdb,a;
prot_1hye.pdb,a;
prot_1hyf.pdb,a;
prot_1hyh.pdb,a;
prot_1hyo.pdb,a;
prot_1hyt.pdb,a;
prot_1hyu.pdb,a;
prot_1hz1.pdb,a;
prot_1hzj.pdb,a;
prot_1hzp.pdb,a;
prot_1hzz.pdb,a;
prot_1i00.pdb,a;
prot_1i05.pdb,a;
prot_1i0i.pdb,a;
prot_1i0l.pdb,a;
prot_1i0r.pdb,a;
prot_1i0s.pdb,a;
prot_1i0v.pdb,a;
prot_1i0x.pdb,a;
prot_1i0z.pdb,a;
prot_1i13.pdb,a;
prot_1i14.pdb,a;
prot_1i19.pdb,a;
prot_1i1d.pdb,a;
prot_1i1k.pdb,a;
prot_1i1l.pdb,a;
prot_1i1m.pdb,a;
prot_1i1n.pdb,a;
prot_1i1o.pdb,a;
prot_1i2e.pdb,a;
prot_1i2k.pdb,a;
prot_1i2w.pdb,a;
prot_1i30.pdb,a;
prot_1i36.pdb,a;
prot_1i37.pdb,a;
prot_1i38.pdb,a;
prot_1i3f.pdb,a;
prot_1i3k.pdb,a;
prot_1i3l.pdb,a;
prot_1i3m.pdb,a;
prot_1i3n.pdb,a;
prot_1i44.pdb,a;
prot_1i4d.pdb,a;
prot_1i4f.pdb,a;
prot_1i52.pdb,a;
prot_1i58.pdb,a;
prot_1i59.pdb,a;
prot_1i5a.pdb,a;
prot_1i5b.pdb,a;
prot_1i5c.pdb,a;
prot_1i5q.pdb,a;
prot_1i5r.pdb,a;
prot_1i5z.pdb,a;
prot_1i6k.pdb,a;
prot_1i6l.pdb,a;
prot_1i6m.pdb,a;
prot_1i6x.pdb,a;
prot_1i72.pdb,a;
prot_1i75.pdb,a;
prot_1i76.pdb,a;
prot_1i79.pdb,a;
prot_1i7b.pdb,a;
prot_1i7c.pdb,a;
prot_1i7g.pdb,a;
prot_1i7i.pdb,a;
prot_1i7l.pdb,a;
prot_1i7m.pdb,a;
prot_1i7y.pdb,a;
prot_1i7z.pdb,a;
prot_1i80.pdb,a;
prot_1i83.pdb,a;
prot_1i8j.pdb,a;
prot_1i8t.pdb,a;
prot_1i8z.pdb,a;
prot_1i90.pdb,a;
prot_1i91.pdb,a;
prot_1i9g.pdb,a;
prot_1i9h.pdb,a;
prot_1i9l.pdb,a;
prot_1i9m.pdb,a;
prot_1i9n.pdb,a;
prot_1i9o.pdb,a;
prot_1i9p.pdb,a;
prot_1ia1.pdb,a;
prot_1ia2.pdb,a;
prot_1ia3.pdb,a;
prot_1ia4.pdb,a;
prot_1ia9.pdb,a;
prot_1iah.pdb,a;
prot_1ib6.pdb,a;
prot_1ibj.pdb,a;
prot_1ibv.pdb,a;
prot_1iby.pdb,a;
prot_1ici.pdb,a;
prot_1icm.pdb,a;
prot_1icn.pdb,a;
prot_1icp.pdb,a;
prot_1icq.pdb,a;
prot_1icr.pdb,a;
prot_1icu.pdb,a;
prot_1icv.pdb,a;
prot_1id0.pdb,a;
prot_1ida.pdb,a;
prot_1idb.pdb,a;
prot_1ide.pdb,a;
prot_1idt.pdb,a;
prot_1ie3.pdb,a;
prot_1ie4.pdb,a;
prot_1ie8.pdb,a;
prot_1ie9.pdb,a;
prot_1iei.pdb,a;
prot_1iel.pdb,a;
prot_1iem.pdb,a;
prot_1iep.pdb,a;
prot_1iex.pdb,a;
prot_1if2.pdb,a;
prot_1if4.pdb,a;
prot_1if5.pdb,a;
prot_1if6.pdb,a;
prot_1if7.pdb,a;
prot_1if8.pdb,a;
prot_1ifs.pdb,a;
prot_1ifu.pdb,a;
prot_1ifx.pdb,a;
prot_1ig0.pdb,a;
prot_1ig1.pdb,a;
prot_1ig3.pdb,a;
prot_1igb.pdb,a;
prot_1igj.pdb,a;
prot_1ih7.pdb,a;
prot_1ih8.pdb,a;
prot_1ihu.pdb,a;
prot_1ii0.pdb,a;
prot_1ii6.pdb,a;
prot_1ii7.pdb,a;
prot_1iic.pdb,a;
prot_1iid.pdb,a;
prot_1iih.pdb,a;
prot_1iim.pdb,a;
prot_1iin.pdb,a;
prot_1iiu.pdb,a;
prot_1ije.pdb,a;
prot_1ijh.pdb,a;
prot_1iji.pdb,a;
prot_1ik4.pdb,a;
prot_1ike.pdb,a;
prot_1ikg.pdb,a;
prot_1ikt.pdb,a;
prot_1il0.pdb,a;
prot_1im8.pdb,a;
prot_1in4.pdb,a;
prot_1in5.pdb,a;
prot_1in6.pdb,a;
prot_1in7.pdb,a;
prot_1in8.pdb,a;
prot_1inc.pdb,a;
prot_1inf.pdb,a;
prot_1ing.pdb,a;
prot_1inh.pdb,a;
prot_1ini.pdb,a;
prot_1inv.pdb,a;
prot_1inw.pdb,a;
prot_1inx.pdb,a;
prot_1iny.pdb,a;
prot_1iol.pdb,a;
prot_1ion.pdb,a;
prot_1iop.pdb,a;
prot_1iov.pdb,a;
prot_1iow.pdb,a;
prot_1ioz.pdb,a;
prot_1ipe.pdb,a;
prot_1ipf.pdb,a;
prot_1iqr.pdb,a;
prot_1iqu.pdb,a;
prot_1ir3.pdb,a;
prot_1irj.pdb,a;
prot_1is2.pdb,a;
prot_1is3.pdb,a;
prot_1is4.pdb,a;
prot_1ish.pdb,a;
prot_1isi.pdb,a;
prot_1isj.pdb,a;
prot_1iso.pdb,a;
prot_1it0.pdb,a;
prot_1it7.pdb,a;
prot_1it8.pdb,a;
prot_1itu.pdb,a;
prot_1itz.pdb,a;
prot_1ius.pdb,a;
prot_1iut.pdb,a;
prot_1iuu.pdb,a;
prot_1iuv.pdb,a;
prot_1iuw.pdb,a;
prot_1iux.pdb,a;
prot_1iv2.pdb,a;
prot_1iv4.pdb,a;
prot_1ivb.pdb,a;
prot_1ivd.pdb,a;
prot_1ive.pdb,a;
prot_1ivf.pdb,a;
prot_1ivr.pdb,a;
prot_1iw6.pdb,a;
prot_1iwb.pdb,a;
prot_1iwe.pdb,a;
prot_1iwi.pdb,a;
prot_1iwj.pdb,a;
prot_1iwn.pdb,a;
prot_1ix1.pdb,a;
prot_1ix6.pdb,a;
prot_1ix7.pdb,a;
prot_1ix8.pdb,a;
prot_1ixe.pdb,a;
prot_1ixn.pdb,a;
prot_1ixo.pdb,a;
prot_1iy7.pdb,a;
prot_1iyb.pdb,a;
prot_1iyd.pdb,a;
prot_1iye.pdb,a;
prot_1iyh.pdb,a;
prot_1iyi.pdb,a;
prot_1iyk.pdb,a;
prot_1iyo.pdb,a;
prot_1iyp.pdb,a;
prot_1iyq.pdb,a;
prot_1iz2.pdb,a;
prot_1ize.pdb,a;
prot_1izh.pdb,a;
prot_1izi.pdb,a;
prot_1izo.pdb,a;
prot_1j01.pdb,a;
prot_1j06.pdb,a;
prot_1j07.pdb,a;
prot_1j09.pdb,a;
prot_1j0a.pdb,a;
prot_1j0d.pdb,a;
prot_1j0e.pdb,a;
prot_1j0n.pdb,a;
prot_1j15.pdb,a;
prot_1j16.pdb,a;
prot_1j1a.pdb,a;
prot_1j1f.pdb,a;
prot_1j1g.pdb,a;
prot_1j1n.pdb,a;
prot_1j1z.pdb,a;
prot_1j21.pdb,a;
prot_1j2j.pdb,a;
prot_1j32.pdb,a;
prot_1j36.pdb,a;
prot_1j37.pdb,a;
prot_1j39.pdb,a;
prot_1j3i.pdb,a;
prot_1j3j.pdb,a;
prot_1j3k.pdb,a;
prot_1j49.pdb,a;
prot_1j53.pdb,a;
prot_1j54.pdb,a;
prot_1j5p.pdb,a;
prot_1j6z.pdb,a;
prot_1j78.pdb,a;
prot_1j79.pdb,a;
prot_1j7k.pdb,a;
prot_1j7l.pdb,a;
prot_1j7u.pdb,a;
prot_1j8a.pdb,a;
prot_1j8q.pdb,a;
prot_1j8v.pdb,a;
prot_1j91.pdb,a;
prot_1j96.pdb,a;
prot_1j99.pdb,a;
prot_1j9e.pdb,a;
prot_1ja1.pdb,a;
prot_1ja9.pdb,a;
prot_1jac.pdb,a;
prot_1jai.pdb,a;
prot_1jak.pdb,a;
prot_1jay.pdb,a;
prot_1jb9.pdb,a;
prot_1jbo.pdb,a;
prot_1jbp.pdb,a;
prot_1jbu.pdb,a;
prot_1jbv.pdb,a;
prot_1jbw.pdb,a;
prot_1jcj.pdb,a;
prot_1jcl.pdb,a;
prot_1jcm.pdb,a;
prot_1jcn.pdb,a;
prot_1jcq.pdb,a;
prot_1jcr.pdb,a;
prot_1jcs.pdb,a;
prot_1jcx.pdb,a;
prot_1jcy.pdb,a;
prot_1jd0.pdb,a;
prot_1jd3.pdb,a;
prot_1jdj.pdb,a;
prot_1jdt.pdb,a;
prot_1jdv.pdb,a;
prot_1jdx.pdb,a;
prot_1je1.pdb,a;
prot_1jeh.pdb,a;
prot_1jep.pdb,a;
prot_1jf0.pdb,a;
prot_1jf2.pdb,a;
prot_1jf7.pdb,a;
prot_1jf9.pdb,a;
prot_1jfg.pdb,a;
prot_1jfh.pdb,a;
prot_1jg0.pdb,a;
prot_1jg1.pdb,a;
prot_1jg3.pdb,a;
prot_1jg4.pdb,a;
prot_1jg6.pdb,a;
prot_1jg7.pdb,a;
prot_1jgi.pdb,a;
prot_1jgj.pdb,a;
prot_1jgl.pdb,a;
prot_1jgt.pdb,a;
prot_1jgu.pdb,a;
prot_1jh7.pdb,a;
prot_1jh8.pdb,a;
prot_1jha.pdb,a;
prot_1jhm.pdb,a;
prot_1jho.pdb,a;
prot_1jhq.pdb,a;
prot_1jhr.pdb,a;
prot_1jhu.pdb,a;
prot_1jhv.pdb,a;
prot_1jhy.pdb,a;
prot_1jil.pdb,a;
prot_1jim.pdb,a;
prot_1jin.pdb,a;
prot_1jio.pdb,a;
prot_1jip.pdb,a;
prot_1jiu.pdb,a;
prot_1jiv.pdb,a;
prot_1jix.pdb,a;
prot_1jj0.pdb,a;
prot_1jj9.pdb,a;
prot_1jje.pdb,a;
prot_1jji.pdb,a;
prot_1jjt.pdb,a;
prot_1jjv.pdb,a;
prot_1jkf.pdb,a;
prot_1jkh.pdb,a;
prot_1jki.pdb,a;
prot_1jkj.pdb,a;
prot_1jkk.pdb,a;
prot_1jkl.pdb,a;
prot_1jla.pdb,a;
prot_1jld.pdb,a;
prot_1jlr.pdb,a;
prot_1jls.pdb,a;
prot_1jlu.pdb,a;
prot_1jlv.pdb,a;
prot_1jm6.pdb,a;
prot_1jmf.pdb,a;
prot_1jmg.pdb,a;
prot_1jmz.pdb,a;
prot_1jnk.pdb,a;
prot_1jnq.pdb,a;
prot_1jnr.pdb,a;
prot_1jnz.pdb,a;
prot_1joc.pdb,a;
prot_1jol.pdb,a;
prot_1jp3.pdb,a;
prot_1jp4.pdb,a;
prot_1jpa.pdb,a;
prot_1jpj.pdb,a;
prot_1jpn.pdb,a;
prot_1jpz.pdb,a;
prot_1jq3.pdb,a;
prot_1jq5.pdb,a;
prot_1jqd.pdb,a;
prot_1jqe.pdb,a;
prot_1jqh.pdb,a;
prot_1jqi.pdb,a;
prot_1jqn.pdb,a;
prot_1jqv.pdb,a;
prot_1jqx.pdb,a;
prot_1jqy.pdb,a;
prot_1jr8.pdb,a;
prot_1jra.pdb,a;
prot_1jrb.pdb,a;
prot_1jrc.pdb,a;
prot_1jrx.pdb,a;
prot_1jry.pdb,a;
prot_1jrz.pdb,a;
prot_1js3.pdb,a;
prot_1jsh.pdb,a;
prot_1jsi.pdb,a;
prot_1jsl.pdb,a;
prot_1jsn.pdb,a;
prot_1jso.pdb,a;
prot_1jsr.pdb,a;
prot_1jsv.pdb,a;
prot_1jsz.pdb,a;
prot_1jt1.pdb,a;
prot_1jte.pdb,a;
prot_1jtk.pdb,a;
prot_1jtq.pdb,a;
prot_1jtu.pdb,a;
prot_1jtv.pdb,a;
prot_1ju2.pdb,a;
prot_1ju3.pdb,a;
prot_1ju9.pdb,a;
prot_1jub.pdb,a;
prot_1jv1.pdb,a;
prot_1jv3.pdb,a;
prot_1jv4.pdb,a;
prot_1jv6.pdb,a;
prot_1jv7.pdb,a;
prot_1jvd.pdb,a;
prot_1jvg.pdb,a;
prot_1jvj.pdb,a;
prot_1jvn.pdb,a;
prot_1jvs.pdb,a;
prot_1jvu.pdb,a;
prot_1jvx.pdb,a;
prot_1jvy.pdb,a;
prot_1jw0.pdb,a;
prot_1jwt.pdb,a;
prot_1jwv.pdb,a;
prot_1jwz.pdb,a;
prot_1jx1.pdb,a;
prot_1jx6.pdb,a;
prot_1jxn.pdb,a;
prot_1jxz.pdb,a;
prot_1jys.pdb,a;
prot_1jzs.pdb,a;
prot_1k06.pdb,a;
prot_1k08.pdb,a;
prot_1k0b.pdb,a;
prot_1k0c.pdb,a;
prot_1k0d.pdb,a;
prot_1k0i.pdb,a;
prot_1k0j.pdb,a;
prot_1k0l.pdb,a;
prot_1k0y.pdb,a;
prot_1k1j.pdb,a;
prot_1k1l.pdb,a;
prot_1k1m.pdb,a;
prot_1k1y.pdb,a;
prot_1k21.pdb,a;
prot_1k22.pdb,a;
prot_1k27.pdb,a;
prot_1k2i.pdb,a;
prot_1k2r.pdb,a;
prot_1k2t.pdb,a;
prot_1k2u.pdb,a;
prot_1k2v.pdb,a;
prot_1k2y.pdb,a;
prot_1k3a.pdb,a;
prot_1k3c.pdb,a;
prot_1k3d.pdb,a;
prot_1k3l.pdb,a;
prot_1k3t.pdb,a;
prot_1k3u.pdb,a;
prot_1k3y.pdb,a;
prot_1k4c.pdb,a;
prot_1k4d.pdb,a;
prot_1k4g.pdb,a;
prot_1k4h.pdb,a;
prot_1k4m.pdb,a;
prot_1k4v.pdb,a;
prot_1k4w.pdb,a;
prot_1k54.pdb,a;
prot_1k5q.pdb,a;
prot_1k5s.pdb,a;
prot_1k6c.pdb,a;
prot_1k6m.pdb,a;
prot_1k6p.pdb,a;
prot_1k6s.pdb,a;
prot_1k6t.pdb,a;
prot_1k6v.pdb,a;
prot_1k6x.pdb,a;
prot_1k70.pdb,a;
prot_1k7d.pdb,a;
prot_1k7e.pdb,a;
prot_1k7f.pdb,a;
prot_1k7h.pdb,a;
prot_1k7l.pdb,a;
prot_1k7w.pdb,a;
prot_1k7x.pdb,a;
prot_1k8c.pdb,a;
prot_1k8x.pdb,a;
prot_1k8y.pdb,a;
prot_1k8z.pdb,a;
prot_1k97.pdb,a;
prot_1k9e.pdb,a;
prot_1k9f.pdb,a;
prot_1k9s.pdb,a;
prot_1ka0.pdb,a;
prot_1ka1.pdb,a;
prot_1kae.pdb,a;
prot_1kao.pdb,a;
prot_1kar.pdb,a;
prot_1kax.pdb,a;
prot_1kay.pdb,a;
prot_1kaz.pdb,a;
prot_1kb0.pdb,a;
prot_1kbc.pdb,a;
prot_1kbi.pdb,a;
prot_1kbj.pdb,a;
prot_1kbo.pdb,a;
prot_1kbq.pdb,a;
prot_1kby.pdb,a;
prot_1kc7.pdb,a;
prot_1kcc.pdb,a;
prot_1kcd.pdb,a;
prot_1kce.pdb,a;
prot_1kck.pdb,a;
prot_1kdg.pdb,a;
prot_1kdk.pdb,a;
prot_1kdm.pdb,a;
prot_1kdn.pdb,a;
prot_1kdr.pdb,a;
prot_1kds.pdb,a;
prot_1kdt.pdb,a;
prot_1kdw.pdb,a;
prot_1ke0.pdb,a;
prot_1ke3.pdb,a;
prot_1ke5.pdb,a;
prot_1ke6.pdb,a;
prot_1ke7.pdb,a;
prot_1ke8.pdb,a;
prot_1ke9.pdb,a;
prot_1kec.pdb,a;
prot_1kel.pdb,a;
prot_1kep.pdb,a;
prot_1ker.pdb,a;
prot_1ket.pdb,a;
prot_1keu.pdb,a;
prot_1kev.pdb,a;
prot_1kew.pdb,a;
prot_1kf0.pdb,a;
prot_1kfb.pdb,a;
prot_1kfc.pdb,a;
prot_1kfe.pdb,a;
prot_1kfg.pdb,a;
prot_1kg8.pdb,a;
prot_1kg9.pdb,a;
prot_1kgb.pdb,a;
prot_1kgi.pdb,a;
prot_1kgj.pdb,a;
prot_1kgz.pdb,a;
prot_1kh2.pdb,a;
prot_1kh3.pdb,a;
prot_1khh.pdb,a;
prot_1khz.pdb,a;
prot_1ki2.pdb,a;
prot_1ki3.pdb,a;
prot_1ki4.pdb,a;
prot_1ki6.pdb,a;
prot_1ki7.pdb,a;
prot_1ki8.pdb,a;
prot_1kic.pdb,a;
prot_1kie.pdb,a;
prot_1kij.pdb,a;
prot_1kj8.pdb,a;
prot_1kj9.pdb,a;
prot_1kji.pdb,a;
prot_1kjj.pdb,a;
prot_1kjq.pdb,a;
prot_1kkj.pdb,a;
prot_1kli.pdb,a;
prot_1klk.pdb,a;
prot_1klt.pdb,a;
prot_1kly.pdb,a;
prot_1km0.pdb,a;
prot_1km1.pdb,a;
prot_1km2.pdb,a;
prot_1km3.pdb,a;
prot_1km4.pdb,a;
prot_1km5.pdb,a;
prot_1km6.pdb,a;
prot_1kme.pdb,a;
prot_1kmj.pdb,a;
prot_1kmk.pdb,a;
prot_1kmq.pdb,a;
prot_1kmy.pdb,a;
prot_1kn2.pdb,a;
prot_1kn4.pdb,a;
prot_1knr.pdb,a;
prot_1knu.pdb,a;
prot_1kny.pdb,a;
prot_1ko5.pdb,a;
prot_1ko8.pdb,a;
prot_1koj.pdb,a;
prot_1kol.pdb,a;
prot_1kor.pdb,a;
prot_1kou.pdb,a;
prot_1kp2.pdb,a;
prot_1kp3.pdb,a;
prot_1kpe.pdb,a;
prot_1kpf.pdb,a;
prot_1kpg.pdb,a;
prot_1kph.pdb,a;
prot_1kpm.pdb,a;
prot_1kq4.pdb,a;
prot_1kqb.pdb,a;
prot_1kqc.pdb,a;
prot_1kqd.pdb,a;
prot_1kqf.pdb,a;
prot_1kqn.pdb,a;
prot_1kqo.pdb,a;
prot_1kqp.pdb,a;
prot_1kqw.pdb,a;
prot_1kr2.pdb,a;
prot_1kr3.pdb,a;
prot_1kr5.pdb,a;
prot_1kre.pdb,a;
prot_1krf.pdb,a;
prot_1krm.pdb,a;
prot_1krr.pdb,a;
prot_1ks7.pdb,a;
prot_1ksg.pdb,a;
prot_1ksh.pdb,a;
prot_1ksl.pdb,a;
prot_1ksn.pdb,a;
prot_1kss.pdb,a;
prot_1ksu.pdb,a;
prot_1kt3.pdb,a;
prot_1kt4.pdb,a;
prot_1kt5.pdb,a;
prot_1kt6.pdb,a;
prot_1kt7.pdb,a;
prot_1kt8.pdb,a;
prot_1kta.pdb,a;
prot_1ktg.pdb,a;
prot_1kti.pdb,a;
prot_1ktp.pdb,a;
prot_1kts.pdb,a;
prot_1ktt.pdb,a;
prot_1kv1.pdb,a;
prot_1kv5.pdb,a;
prot_1kv9.pdb,a;
prot_1kvk.pdb,a;
prot_1kvl.pdb,a;
prot_1kvm.pdb,a;
prot_1kvo.pdb,a;
prot_1kvq.pdb,a;
prot_1kvr.pdb,a;
prot_1kvs.pdb,a;
prot_1kvt.pdb,a;
prot_1kvu.pdb,a;
prot_1kw0.pdb,a;
prot_1kw1.pdb,a;
prot_1kw6.pdb,a;
prot_1kw8.pdb,a;
prot_1kw9.pdb,a;
prot_1kwc.pdb,a;
prot_1kwr.pdb,a;
prot_1kws.pdb,a;
prot_1kxm.pdb,a;
prot_1kxp.pdb,a;
prot_1ky2.pdb,a;
prot_1ky8.pdb,a;
prot_1kya.pdb,a;
prot_1kyq.pdb,a;
prot_1kyv.pdb,a;
prot_1kyw.pdb,a;
prot_1kyy.pdb,a;
prot_1kyz.pdb,a;
prot_1kz8.pdb,a;
prot_1kzi.pdb,a;
prot_1kzk.pdb,a;
prot_1kzl.pdb,a;
prot_1kzo.pdb,a;
prot_1kzp.pdb,a;
prot_1l1e.pdb,a;
prot_1l1q.pdb,a;
prot_1l1r.pdb,a;
prot_1l2e.pdb,a;
prot_1l2i.pdb,a;
prot_1l2q.pdb,a;
prot_1l2s.pdb,a;
prot_1l2t.pdb,a;
prot_1l3i.pdb,a;
prot_1l3r.pdb,a;
prot_1l4e.pdb,a;
prot_1l4f.pdb,a;
prot_1l4g.pdb,a;
prot_1l4h.pdb,a;
prot_1l4k.pdb,a;
prot_1l4l.pdb,a;
prot_1l4m.pdb,a;
prot_1l4n.pdb,a;
prot_1l5f.pdb,a;
prot_1l5j.pdb,a;
prot_1l5l.pdb,a;
prot_1l5m.pdb,a;
prot_1l5o.pdb,a;
prot_1l5v.pdb,a;
prot_1l5w.pdb,a;
prot_1l6g.pdb,a;
prot_1l6i.pdb,a;
prot_1l6m.pdb,a;
prot_1l6y.pdb,a;
prot_1l7e.pdb,a;
prot_1l7f.pdb,a;
prot_1l7g.pdb,a;
prot_1l7h.pdb,a;
prot_1l8a.pdb,a;
prot_1l8b.pdb,a;
prot_1l8j.pdb,a;
prot_1l8n.pdb,a;
prot_1l9b.pdb,a;
prot_1l9c.pdb,a;
prot_1l9d.pdb,a;
prot_1l9e.pdb,a;
prot_1l9k.pdb,a;
prot_1l9n.pdb,a;
prot_1l9w.pdb,a;
prot_1lah.pdb,a;
prot_1lb8.pdb,a;
prot_1lb9.pdb,a;
prot_1lbb.pdb,a;
prot_1lbf.pdb,a;
prot_1lbk.pdb,a;
prot_1lbl.pdb,a;
prot_1lbt.pdb,a;
prot_1lbx.pdb,a;
prot_1lby.pdb,a;
prot_1lbz.pdb,a;
prot_1lc8.pdb,a;
prot_1lca.pdb,a;
prot_1lcb.pdb,a;
prot_1lce.pdb,a;
prot_1lcp.pdb,a;
prot_1lcv.pdb,a;
prot_1lcw.pdb,a;
prot_1ld7.pdb,a;
prot_1ld8.pdb,a;
prot_1lde.pdb,a;
prot_1ldg.pdb,a;
prot_1ldm.pdb,a;
prot_1ldo.pdb,a;
prot_1ldy.pdb,a;
prot_1lee.pdb,a;
prot_1lev.pdb,a;
prot_1lf0.pdb,a;
prot_1lf2.pdb,a;
prot_1lf5.pdb,a;
prot_1lf9.pdb,a;
prot_1lfd.pdb,a;
prot_1lfo.pdb,a;
prot_1lfw.pdb,a;
prot_1lgt.pdb,a;
prot_1lgw.pdb,a;
prot_1lgx.pdb,a;
prot_1lh0.pdb,a;
prot_1lh6.pdb,a;
prot_1lh7.pdb,a;
prot_1lhc.pdb,a;
prot_1lhd.pdb,a;
prot_1lhe.pdb,a;
prot_1lhf.pdb,a;
prot_1lhg.pdb,a;
prot_1lhn.pdb,a;
prot_1lho.pdb,a;
prot_1lhu.pdb,a;
prot_1lhv.pdb,a;
prot_1lhw.pdb,a;
prot_1li3.pdb,a;
prot_1li4.pdb,a;
prot_1lic.pdb,a;
prot_1lid.pdb,a;
prot_1lie.pdb,a;
prot_1lif.pdb,a;
prot_1lii.pdb,a;
prot_1lij.pdb,a;
prot_1lin.pdb,a;
prot_1lj1.pdb,a;
prot_1lj8.pdb,a;
prot_1ljn.pdb,a;
prot_1ljt.pdb,a;
prot_1lk7.pdb,a;
prot_1lkc.pdb,a;
prot_1lkd.pdb,a;
prot_1lke.pdb,a;
prot_1ll2.pdb,a;
prot_1ll9.pdb,a;
prot_1llb.pdb,a;
prot_1lld.pdb,a;
prot_1llf.pdb,a;
prot_1llo.pdb,a;
prot_1llq.pdb,a;
prot_1llr.pdb,a;
prot_1lmc.pdb,a;
prot_1ln1.pdb,a;
prot_1lnm.pdb,a;
prot_1lny.pdb,a;
prot_1lo0.pdb,a;
prot_1lo2.pdb,a;
prot_1lo3.pdb,a;
prot_1lo6.pdb,a;
prot_1lob.pdb,a;
prot_1lod.pdb,a;
prot_1lol.pdb,a;
prot_1lon.pdb,a;
prot_1loo.pdb,a;
prot_1loq.pdb,a;
prot_1lor.pdb,a;
prot_1los.pdb,a;
prot_1lot.pdb,a;
prot_1lov.pdb,a;
prot_1lox.pdb,a;
prot_1lp4.pdb,a;
prot_1lp6.pdb,a;
prot_1lpb.pdb,a;
prot_1lpg.pdb,a;
prot_1lpk.pdb,a;
prot_1lpm.pdb,a;
prot_1lpn.pdb,a;
prot_1lpo.pdb,a;
prot_1lpp.pdb,a;
prot_1lps.pdb,a;
prot_1lpu.pdb,a;
prot_1lpz.pdb,a;
prot_1lqa.pdb,a;
prot_1lqe.pdb,a;
prot_1lqp.pdb,a;
prot_1lqt.pdb,a;
prot_1lqu.pdb,a;
prot_1lqv.pdb,a;
prot_1lqy.pdb,a;
prot_1lr4.pdb,a;
prot_1lrh.pdb,a;
prot_1lri.pdb,a;
prot_1lrj.pdb,a;
prot_1lrk.pdb,a;
prot_1lrl.pdb,a;
prot_1lrq.pdb,a;
prot_1lru.pdb,a;
prot_1lrw.pdb,a;
prot_1ls6.pdb,a;
prot_1lsh.pdb,a;
prot_1lsp.pdb,a;
prot_1lss.pdb,a;
prot_1lt5.pdb,a;
prot_1lt8.pdb,a;
prot_1ltm.pdb,a;
prot_1ltq.pdb,a;
prot_1lua.pdb,a;
prot_1lug.pdb,a;
prot_1luq.pdb,a;
prot_1lv8.pdb,a;
prot_1lvg.pdb,a;
prot_1lvk.pdb,a;
prot_1lvl.pdb,a;
prot_1lvu.pdb,a;
prot_1lvw.pdb,a;
prot_1lwd.pdb,a;
prot_1lwg.pdb,a;
prot_1lwj.pdb,a;
prot_1lwl.pdb,a;
prot_1lwn.pdb,a;
prot_1lwo.pdb,a;
prot_1lwx.pdb,a;
prot_1lx6.pdb,a;
prot_1lxc.pdb,a;
prot_1ly3.pdb,a;
prot_1ly4.pdb,a;
prot_1lyw.pdb,a;
prot_1lyx.pdb,a;
prot_1lzj.pdb,a;
prot_1lzx.pdb,a;
prot_1lzz.pdb,a;
prot_1m00.pdb,a;
prot_1m0l.pdb,a;
prot_1m0n.pdb,a;
prot_1m0o.pdb,a;
prot_1m0q.pdb,a;
prot_1m0u.pdb,a;
prot_1m0w.pdb,a;
prot_1m13.pdb,a;
prot_1m15.pdb,a;
prot_1m1b.pdb,a;
prot_1m1o.pdb,a;
prot_1m21.pdb,a;
prot_1m27.pdb,a;
prot_1m2g.pdb,a;
prot_1m2h.pdb,a;
prot_1m2j.pdb,a;
prot_1m2k.pdb,a;
prot_1m2o.pdb,a;
prot_1m2p.pdb,a;
prot_1m2q.pdb,a;
prot_1m2r.pdb,a;
prot_1m2x.pdb,a;
prot_1m2z.pdb,a;
prot_1m3z.pdb,a;
prot_1m43.pdb,a;
prot_1m4a.pdb,a;
prot_1m4d.pdb,a;
prot_1m4g.pdb,a;
prot_1m4i.pdb,a;
prot_1m4n.pdb,a;
prot_1m51.pdb,a;
prot_1m5c.pdb,a;
prot_1m5d.pdb,a;
prot_1m5e.pdb,a;
prot_1m5f.pdb,a;
prot_1m5w.pdb,a;
prot_1m64.pdb,a;
prot_1m66.pdb,a;
prot_1m67.pdb,a;
prot_1m6i.pdb,a;
prot_1m6p.pdb,a;
prot_1m6y.pdb,a;
prot_1m78.pdb,a;
prot_1m79.pdb,a;
prot_1m7a.pdb,a;
prot_1m7b.pdb,a;
prot_1m7d.pdb,a;
prot_1m7g.pdb,a;
prot_1m7h.pdb,a;
prot_1m7o.pdb,a;
prot_1m7p.pdb,a;
prot_1m7q.pdb,a;
prot_1m7y.pdb,a;
prot_1m7z.pdb,a;
prot_1m83.pdb,a;
prot_1m8d.pdb,a;
prot_1m8f.pdb,a;
prot_1m8g.pdb,a;
prot_1m8j.pdb,a;
prot_1m98.pdb,a;
prot_1m9h.pdb,a;
prot_1m9j.pdb,a;
prot_1m9k.pdb,a;
prot_1m9m.pdb,a;
prot_1m9n.pdb,a;
prot_1m9q.pdb,a;
prot_1m9t.pdb,a;
prot_1ma0.pdb,a;
prot_1ma9.pdb,a;
prot_1map.pdb,a;
prot_1maq.pdb,a;
prot_1mau.pdb,a;
prot_1max.pdb,a;
prot_1mb4.pdb,a;
prot_1mbb.pdb,a;
prot_1mbq.pdb,a;
prot_1mbz.pdb,a;
prot_1md3.pdb,a;
prot_1md4.pdb,a;
prot_1mdc.pdb,a;
prot_1mdl.pdb,a;
prot_1mdo.pdb,a;
prot_1mdp.pdb,a;
prot_1mdq.pdb,a;
prot_1mdr.pdb,a;
prot_1mdt.pdb,a;
prot_1mdu.pdb,a;
prot_1mdx.pdb,a;
prot_1me3.pdb,a;
prot_1me4.pdb,a;
prot_1me7.pdb,a;
prot_1me8.pdb,a;
prot_1me9.pdb,a;
prot_1meg.pdb,a;
prot_1meh.pdb,a;
prot_1mei.pdb,a;
prot_1men.pdb,a;
prot_1mep.pdb,a;
prot_1mer.pdb,a;
prot_1mes.pdb,a;
prot_1met.pdb,a;
prot_1meu.pdb,a;
prot_1mew.pdb,a;
prot_1mex.pdb,a;
prot_1mez.pdb,a;
prot_1mf0.pdb,a;
prot_1mfa.pdb,a;
prot_1mfc.pdb,a;
prot_1mfd.pdb,a;
prot_1mfe.pdb,a;
prot_1mg0.pdb,a;
prot_1mg1.pdb,a;
prot_1mgo.pdb,a;
prot_1mgp.pdb,a;
prot_1mgv.pdb,a;
prot_1mgy.pdb,a;
prot_1mh1.pdb,a;
prot_1mh5.pdb,a;
prot_1mi3.pdb,a;
prot_1mi4.pdb,a;
prot_1mj7.pdb,a;
prot_1mj9.pdb,a;
prot_1mja.pdb,a;
prot_1mjb.pdb,a;
prot_1mjh.pdb,a;
prot_1mjl.pdb,a;
prot_1mjt.pdb,a;
prot_1mk5.pdb,a;
prot_1mka.pdb,a;
prot_1mkv.pdb,a;
prot_1mky.pdb,a;
prot_1ml2.pdb,a;
prot_1ml3.pdb,a;
prot_1ml4.pdb,a;
prot_1ml6.pdb,a;
prot_1mly.pdb,a;
prot_1mlz.pdb,a;
prot_1mm6.pdb,a;
prot_1mm7.pdb,a;
prot_1mma.pdb,a;
prot_1mmd.pdb,a;
prot_1mmf.pdb,a;
prot_1mmg.pdb,a;
prot_1mmk.pdb,a;
prot_1mmn.pdb,a;
prot_1mmv.pdb,a;
prot_1mmw.pdb,a;
prot_1mmy.pdb,a;
prot_1mn7.pdb,a;
prot_1mns.pdb,a;
prot_1mo9.pdb,a;
prot_1moq.pdb,a;
prot_1mor.pdb,a;
prot_1mos.pdb,a;
prot_1mp0.pdb,a;
prot_1mp3.pdb,a;
prot_1mp4.pdb,a;
prot_1mp8.pdb,a;
prot_1mpd.pdb,a;
prot_1mpl.pdb,a;
prot_1mq4.pdb,a;
prot_1mq5.pdb,a;
prot_1mq6.pdb,a;
prot_1mqb.pdb,a;
prot_1mqd.pdb,a;
prot_1mqg.pdb,a;
prot_1mqh.pdb,a;
prot_1mqi.pdb,a;
prot_1mqj.pdb,a;
prot_1mqq.pdb,a;
prot_1mr3.pdb,a;
prot_1mra.pdb,a;
prot_1mrg.pdb,a;
prot_1mrh.pdb,a;
prot_1mrj.pdb,a;
prot_1mrq.pdb,a;
prot_1mrs.pdb,a;
prot_1ms0.pdb,a;
prot_1ms1.pdb,a;
prot_1ms6.pdb,a;
prot_1ms7.pdb,a;
prot_1ms8.pdb,a;
prot_1msa.pdb,a;
prot_1msk.pdb,a;
prot_1mt1.pdb,a;
prot_1mt6.pdb,a;
prot_1mtb.pdb,a;
prot_1mtc.pdb,a;
prot_1mts.pdb,a;
prot_1mtu.pdb,a;
prot_1mu0.pdb,a;
prot_1mud.pdb,a;
prot_1mup.pdb,a;
prot_1muu.pdb,a;
prot_1mv8.pdb,a;
prot_1mv9.pdb,a;
prot_1mvc.pdb,a;
prot_1mvn.pdb,a;
prot_1mvs.pdb,a;
prot_1mvt.pdb,a;
prot_1mw1.pdb,a;
prot_1mw2.pdb,a;
prot_1mw3.pdb,a;
prot_1mwe.pdb,a;
prot_1mwm.pdb,a;
prot_1mx3.pdb,a;
prot_1mxd.pdb,a;
prot_1mxi.pdb,a;
prot_1mxo.pdb,a;
prot_1mxu.pdb,a;
prot_1my2.pdb,a;
prot_1my3.pdb,a;
prot_1my8.pdb,a;
prot_1mzc.pdb,a;
prot_1mze.pdb,a;
prot_1mzf.pdb,a;
prot_1mzm.pdb,a;
prot_1mzn.pdb,a;
prot_1mzs.pdb,a;
prot_1mzu.pdb,a;
prot_1n06.pdb,a;
prot_1n07.pdb,a;
prot_1n08.pdb,a;
prot_1n0s.pdb,a;
prot_1n0t.pdb,a;
prot_1n0u.pdb,a;
prot_1n13.pdb,a;
prot_1n1e.pdb,a;
prot_1n1m.pdb,a;
prot_1n1t.pdb,a;
prot_1n1v.pdb,a;
prot_1n1z.pdb,a;
prot_1n20.pdb,a;
prot_1n22.pdb,a;
prot_1n23.pdb,a;
prot_1n24.pdb,a;
prot_1n2b.pdb,a;
prot_1n2e.pdb,a;
prot_1n2f.pdb,a;
prot_1n2g.pdb,a;
prot_1n2h.pdb,a;
prot_1n2i.pdb,a;
prot_1n2j.pdb,a;
prot_1n2s.pdb,a;
prot_1n2v.pdb,a;
prot_1n2x.pdb,a;
prot_1n2z.pdb,a;
prot_1n3i.pdb,a;
prot_1n3z.pdb,a;
prot_1n43.pdb,a;
prot_1n46.pdb,a;
prot_1n49.pdb,a;
prot_1n4a.pdb,a;
prot_1n4h.pdb,a;
prot_1n4k.pdb,a;
prot_1n52.pdb,a;
prot_1n55.pdb,a;
prot_1n5d.pdb,a;
prot_1n5i.pdb,a;
prot_1n5k.pdb,a;
prot_1n5l.pdb,a;
prot_1n5m.pdb,a;
prot_1n5q.pdb,a;
prot_1n5r.pdb,a;
prot_1n5s.pdb,a;
prot_1n5t.pdb,a;
prot_1n5u.pdb,a;
prot_1n5v.pdb,a;
prot_1n6a.pdb,a;
prot_1n6b.pdb,a;
prot_1n6c.pdb,a;
prot_1n6h.pdb,a;
prot_1n6i.pdb,a;
prot_1n6k.pdb,a;
prot_1n6l.pdb,a;
prot_1n6n.pdb,a;
prot_1n6o.pdb,a;
prot_1n6p.pdb,a;
prot_1n6r.pdb,a;
prot_1n6x.pdb,a;
prot_1n6y.pdb,a;
prot_1n71.pdb,a;
prot_1n75.pdb,a;
prot_1n7g.pdb,a;
prot_1n7h.pdb,a;
prot_1n83.pdb,a;
prot_1n8q.pdb,a;
prot_1n8u.pdb,a;
prot_1n8v.pdb,a;
prot_1n92.pdb,a;
prot_1n95.pdb,a;
prot_1n9b.pdb,a;
prot_1n9l.pdb,a;
prot_1n9m.pdb,a;
prot_1n9n.pdb,a;
prot_1na3.pdb,a;
prot_1naa.pdb,a;
prot_1nah.pdb,a;
prot_1nai.pdb,a;
prot_1nas.pdb,a;
prot_1nav.pdb,a;
prot_1naw.pdb,a;
prot_1nb0.pdb,a;
prot_1nb9.pdb,a;
prot_1nbp.pdb,a;
prot_1nc3.pdb,a;
prot_1nc9.pdb,a;
prot_1nce.pdb,a;
prot_1nco.pdb,a;
prot_1nd0.pdb,a;
prot_1nd4.pdb,a;
prot_1nd6.pdb,a;
prot_1ndc.pdb,a;
prot_1ndf.pdb,a;
prot_1ndh.pdb,a;
prot_1ndi.pdb,a;
prot_1ndj.pdb,a;
prot_1ndp.pdb,a;
prot_1ne7.pdb,a;
prot_1nec.pdb,a;
prot_1nf0.pdb,a;
prot_1nf3.pdb,a;
prot_1nf5.pdb,a;
prot_1nf8.pdb,a;
prot_1nff.pdb,a;
prot_1nfq.pdb,a;
prot_1nfr.pdb,a;
prot_1nfs.pdb,a;
prot_1nft.pdb,a;
prot_1nfu.pdb,a;
prot_1nfw.pdb,a;
prot_1nfx.pdb,a;
prot_1nfy.pdb,a;
prot_1nfz.pdb,a;
prot_1ng1.pdb,a;
prot_1ng4.pdb,a;
prot_1nga.pdb,a;
prot_1ngb.pdb,a;
prot_1ngc.pdb,a;
prot_1ngd.pdb,a;
prot_1nge.pdb,a;
prot_1ngf.pdb,a;
prot_1ngg.pdb,a;
prot_1ngh.pdb,a;
prot_1ngi.pdb,a;
prot_1ngj.pdb,a;
prot_1ngp.pdb,a;
prot_1ngs.pdb,a;
prot_1ngx.pdb,a;
prot_1nhb.pdb,a;
prot_1nhe.pdb,a;
prot_1nhg.pdb,a;
prot_1nhh.pdb,a;
prot_1nhi.pdb,a;
prot_1nhj.pdb,a;
prot_1nhk.pdb,a;
prot_1nhp.pdb,a;
prot_1nhq.pdb,a;
prot_1nhr.pdb,a;
prot_1nhs.pdb,a;
prot_1nht.pdb,a;
prot_1nhu.pdb,a;
prot_1nhw.pdb,a;
prot_1nhx.pdb,a;
prot_1nhz.pdb,a;
prot_1ni4.pdb,a;
prot_1nis.pdb,a;
prot_1njf.pdb,a;
prot_1njj.pdb,a;
prot_1njs.pdb,a;
prot_1nkh.pdb,a;
prot_1nl5.pdb,a;
prot_1nli.pdb,a;
prot_1nlk.pdb,a;
prot_1nlv.pdb,a;
prot_1nm1.pdb,a;
prot_1nm6.pdb,a;
prot_1nmd.pdb,a;
prot_1nme.pdb,a;
prot_1nmk.pdb,a;
prot_1nmq.pdb,a;
prot_1nms.pdb,a;
prot_1nmu.pdb,a;
prot_1nmx.pdb,a;
prot_1nmz.pdb,a;
prot_1nn0.pdb,a;
prot_1nn1.pdb,a;
prot_1nn3.pdb,a;
prot_1nn5.pdb,a;
prot_1nnc.pdb,a;
prot_1nnk.pdb,a;
prot_1nnp.pdb,a;
prot_1nnu.pdb,a;
prot_1no3.pdb,a;
prot_1no9.pdb,a;
prot_1noj.pdb,a;
prot_1nok.pdb,a;
prot_1noo.pdb,a;
prot_1now.pdb,a;
prot_1np0.pdb,a;
prot_1np1.pdb,a;
prot_1np7.pdb,a;
prot_1npt.pdb,a;
prot_1npv.pdb,a;
prot_1npw.pdb,a;
prot_1nq0.pdb,a;
prot_1nq2.pdb,a;
prot_1nq5.pdb,a;
prot_1nq7.pdb,a;
prot_1nqa.pdb,a;
prot_1nqm.pdb,a;
prot_1nqo.pdb,a;
prot_1nr5.pdb,a;
prot_1nr6.pdb,a;
prot_1nrj.pdb,a;
prot_1nrl.pdb,a;
prot_1nsa.pdb,a;
prot_1nsc.pdb,a;
prot_1nsd.pdb,a;
prot_1nsf.pdb,a;
prot_1nsg.pdb,a;
prot_1nst.pdb,a;
prot_1nt1.pdb,a;
prot_1nu3.pdb,a;
prot_1nuc.pdb,a;
prot_1nue.pdb,a;
prot_1nup.pdb,a;
prot_1nuq.pdb,a;
prot_1nus.pdb,a;
prot_1nut.pdb,a;
prot_1nuu.pdb,a;
prot_1nuw.pdb,a;
prot_1nux.pdb,a;
prot_1nuy.pdb,a;
prot_1nuz.pdb,a;
prot_1nv0.pdb,a;
prot_1nv1.pdb,a;
prot_1nv2.pdb,a;
prot_1nv3.pdb,a;
prot_1nv4.pdb,a;
prot_1nv5.pdb,a;
prot_1nv6.pdb,a;
prot_1nv7.pdb,a;
prot_1nv8.pdb,a;
prot_1nv9.pdb,a;
prot_1nvk.pdb,a;
prot_1nvq.pdb,a;
prot_1nvr.pdb,a;
prot_1nvs.pdb,a;
prot_1nvu.pdb,a;
prot_1nvv.pdb,a;
prot_1nw3.pdb,a;
prot_1nw5.pdb,a;
prot_1nw6.pdb,a;
prot_1nw7.pdb,a;
prot_1nwg.pdb,a;
prot_1nww.pdb,a;
prot_1nwz.pdb,a;
prot_1nx3.pdb,a;
prot_1nx8.pdb,a;
prot_1nxg.pdb,a;
prot_1nxj.pdb,a;
prot_1nxy.pdb,a;
prot_1nym.pdb,a;
prot_1nyt.pdb,a;
prot_1nyw.pdb,a;
prot_1nyy.pdb,a;
prot_1nzc.pdb,a;
prot_1nzd.pdb,a;
prot_1nzf.pdb,a;
prot_1nzy.pdb,a;
prot_1o03.pdb,a;
prot_1o08.pdb,a;
prot_1o0r.pdb,a;
prot_1o0s.pdb,a;
prot_1o1r.pdb,a;
prot_1o1s.pdb,a;
prot_1o1t.pdb,a;
prot_1o23.pdb,a;
prot_1o25.pdb,a;
prot_1o26.pdb,a;
prot_1o27.pdb,a;
prot_1o28.pdb,a;
prot_1o29.pdb,a;
prot_1o2a.pdb,a;
prot_1o2d.pdb,a;
prot_1o2g.pdb,a;
prot_1o2h.pdb,a;
prot_1o2i.pdb,a;
prot_1o2j.pdb,a;
prot_1o2k.pdb,a;
prot_1o2l.pdb,a;
prot_1o2m.pdb,a;
prot_1o2n.pdb,a;
prot_1o2o.pdb,a;
prot_1o2p.pdb,a;
prot_1o2q.pdb,a;
prot_1o2s.pdb,a;
prot_1o2t.pdb,a;
prot_1o2v.pdb,a;
prot_1o2x.pdb,a;
prot_1o2y.pdb,a;
prot_1o2z.pdb,a;
prot_1o30.pdb,a;
prot_1o31.pdb,a;
prot_1o32.pdb,a;
prot_1o33.pdb,a;
prot_1o34.pdb,a;
prot_1o35.pdb,a;
prot_1o36.pdb,a;
prot_1o37.pdb,a;
prot_1o38.pdb,a;
prot_1o39.pdb,a;
prot_1o3a.pdb,a;
prot_1o3b.pdb,a;
prot_1o3c.pdb,a;
prot_1o3d.pdb,a;
prot_1o3e.pdb,a;
prot_1o3f.pdb,a;
prot_1o3g.pdb,a;
prot_1o3h.pdb,a;
prot_1o3i.pdb,a;
prot_1o3j.pdb,a;
prot_1o3k.pdb,a;
prot_1o3l.pdb,a;
prot_1o3m.pdb,a;
prot_1o3n.pdb,a;
prot_1o3o.pdb,a;
prot_1o3y.pdb,a;
prot_1o4s.pdb,a;
prot_1o57.pdb,a;
prot_1o5i.pdb,a;
prot_1o6e.pdb,a;
prot_1o6k.pdb,a;
prot_1o6l.pdb,a;
prot_1o6y.pdb,a;
prot_1o6z.pdb,a;
prot_1o75.pdb,a;
prot_1o76.pdb,a;
prot_1o7p.pdb,a;
prot_1o8b.pdb,a;
prot_1o8v.pdb,a;
prot_1o97.pdb,a;
prot_1o98.pdb,a;
prot_1o9j.pdb,a;
prot_1o9l.pdb,a;
prot_1o9s.pdb,a;
prot_1o9u.pdb,a;
prot_1o9v.pdb,a;
prot_1oaa.pdb,a;
prot_1oad.pdb,a;
prot_1oaf.pdb,a;
prot_1oas.pdb,a;
prot_1oat.pdb,a;
prot_1obc.pdb,a;
prot_1obg.pdb,a;
prot_1obh.pdb,a;
prot_1obo.pdb,a;
prot_1obv.pdb,a;
prot_1oc4.pdb,a;
prot_1oc7.pdb,a;
prot_1ocb.pdb,a;
prot_1ocj.pdb,a;
prot_1ocn.pdb,a;
prot_1ocq.pdb,a;
prot_1od1.pdb,a;
prot_1odm.pdb,a;
prot_1odn.pdb,a;
prot_1odv.pdb,a;
prot_1odw.pdb,a;
prot_1odx.pdb,a;
prot_1ody.pdb,a;
prot_1oe7.pdb,a;
prot_1oe8.pdb,a;
prot_1ofv.pdb,a;
prot_1ogd.pdb,a;
prot_1oge.pdb,a;
prot_1ogi.pdb,a;
prot_1ogj.pdb,a;
prot_1ogx.pdb,a;
prot_1ogz.pdb,a;
prot_1oh0.pdb,a;
prot_1oh2.pdb,a;
prot_1oha.pdb,a;
prot_1ohb.pdb,a;
prot_1ohj.pdb,a;
prot_1ohk.pdb,a;
prot_1ohl.pdb,a;
prot_1ohr.pdb,a;
prot_1oi0.pdb,a;
prot_1oiq.pdb,a;
prot_1oir.pdb,a;
prot_1oit.pdb,a;
prot_1oj4.pdb,a;
prot_1oj9.pdb,a;
prot_1oja.pdb,a;
prot_1ojc.pdb,a;
prot_1ojz.pdb,a;
prot_1oke.pdb,a;
prot_1okl.pdb,a;
prot_1okm.pdb,a;
prot_1okn.pdb,a;
prot_1om5.pdb,a;
prot_1omz.pdb,a;
prot_1on6.pdb,a;
prot_1onp.pdb,a;
prot_1onq.pdb,a;
prot_1oo5.pdb,a;
prot_1oo6.pdb,a;
prot_1oon.pdb,a;
prot_1ooq.pdb,a;
prot_1opb.pdb,a;
prot_1opj.pdb,a;
prot_1opk.pdb,a;
prot_1opm.pdb,a;
prot_1opr.pdb,a;
prot_1oqc.pdb,a;
prot_1oqm.pdb,a;
prot_1oqn.pdb,a;
prot_1orr.pdb,a;
prot_1os0.pdb,a;
prot_1os1.pdb,a;
prot_1os7.pdb,a;
prot_1osf.pdb,a;
prot_1osh.pdb,a;
prot_1oss.pdb,a;
prot_1ot3.pdb,a;
prot_1oth.pdb,a;
prot_1otj.pdb,a;
prot_1ouk.pdb,a;
prot_1ouy.pdb,a;
prot_1ovd.pdb,a;
prot_1ow3.pdb,a;
prot_1owe.pdb,a;
prot_1owh.pdb,a;
prot_1ox4.pdb,a;
prot_1ox5.pdb,a;
prot_1oxm.pdb,a;
prot_1oxn.pdb,a;
prot_1oxo.pdb,a;
prot_1oxp.pdb,a;
prot_1oxq.pdb,a;
prot_1oxu.pdb,a;
prot_1oxv.pdb,a;
prot_1oya.pdb,a;
prot_1oyb.pdb,a;
prot_1oyc.pdb,a;
prot_1oyf.pdb,a;
prot_1oyj.pdb,a;
prot_1oyn.pdb,a;
prot_1oyo.pdb,a;
prot_1oyq.pdb,a;
prot_1oyt.pdb,a;
prot_1oz0.pdb,a;
prot_1oz1.pdb,a;
prot_1ozp.pdb,a;
prot_1ozq.pdb,a;
prot_1p01.pdb,a;
prot_1p03.pdb,a;
prot_1p05.pdb,a;
prot_1p06.pdb,a;
prot_1p0b.pdb,a;
prot_1p0e.pdb,a;
prot_1p0f.pdb,a;
prot_1p0h.pdb,a;
prot_1p0p.pdb,a;
prot_1p0z.pdb,a;
prot_1p10.pdb,a;
prot_1p1c.pdb,a;
prot_1p1i.pdb,a;
prot_1p1j.pdb,a;
prot_1p1k.pdb,a;
prot_1p1n.pdb,a;
prot_1p1o.pdb,a;
prot_1p1q.pdb,a;
prot_1p1r.pdb,a;
prot_1p1u.pdb,a;
prot_1p1w.pdb,a;
prot_1p29.pdb,a;
prot_1p2a.pdb,a;
prot_1p2b.pdb,a;
prot_1p2d.pdb,a;
prot_1p2g.pdb,a;
prot_1p2s.pdb,a;
prot_1p2t.pdb,a;
prot_1p2u.pdb,a;
prot_1p31.pdb,a;
prot_1p39.pdb,a;
prot_1p3d.pdb,a;
prot_1p3w.pdb,a;
prot_1p42.pdb,a;
prot_1p4m.pdb,a;
prot_1p52.pdb,a;
prot_1p5e.pdb,a;
prot_1p5r.pdb,a;
prot_1p5z.pdb,a;
prot_1p60.pdb,a;
prot_1p61.pdb,a;
prot_1p62.pdb,a;
prot_1p6c.pdb,a;
prot_1p6d.pdb,a;
prot_1p6e.pdb,a;
prot_1p6o.pdb,a;
prot_1p77.pdb,a;
prot_1p7t.pdb,a;
prot_1p8i.pdb,a;
prot_1p8r.pdb,a;
prot_1pax.pdb,a;
prot_1pb8.pdb,a;
prot_1pb9.pdb,a;
prot_1pbb.pdb,a;
prot_1pbd.pdb,a;
prot_1pbe.pdb,a;
prot_1pbo.pdb,a;
prot_1pbq.pdb,a;
prot_1pbt.pdb,a;
prot_1pd2.pdb,a;
prot_1pda.pdb,a;
prot_1pdh.pdb,a;
prot_1pdz.pdb,a;
prot_1pfk.pdb,a;
prot_1pg3.pdb,a;
prot_1pg4.pdb,a;
prot_1pgn.pdb,a;
prot_1pgo.pdb,a;
prot_1pgt.pdb,a;
prot_1pha.pdb,a;
prot_1phb.pdb,a;
prot_1phd.pdb,a;
prot_1phe.pdb,a;
prot_1phf.pdb,a;
prot_1phg.pdb,a;
prot_1phh.pdb,a;
prot_1phk.pdb,a;
prot_1phn.pdb,a;
prot_1php.pdb,a;
prot_1pig.pdb,a;
prot_1pip.pdb,a;
prot_1pjc.pdb,a;
prot_1pjk.pdb,a;
prot_1pkd.pdb,a;
prot_1pme.pdb,a;
prot_1pmn.pdb,a;
prot_1pmq.pdb,a;
prot_1pmv.pdb,a;
prot_1pnl.pdb,a;
prot_1pnm.pdb,a;
prot_1pob.pdb,a;
prot_1poc.pdb,a;
prot_1poe.pdb,a;
prot_1pot.pdb,a;
prot_1pow.pdb,a;
prot_1pox.pdb,a;
prot_1ppa.pdb,a;
prot_1ppc.pdb,a;
prot_1ppg.pdb,a;
prot_1pph.pdb,a;
prot_1ppi.pdb,a;
prot_1ppl.pdb,a;
prot_1ppm.pdb,a;
prot_1ppp.pdb,a;
prot_1ppr.pdb,a;
prot_1pq6.pdb,a;
prot_1pq9.pdb,a;
prot_1pro.pdb,a;
prot_1ps9.pdb,a;
prot_1pt5.pdb,a;
prot_1pt8.pdb,a;
prot_1pu9.pdb,a;
prot_1pv8.pdb,a;
prot_1pvd.pdb,a;
prot_1pvg.pdb,a;
prot_1pvn.pdb,a;
prot_1px6.pdb,a;
prot_1px7.pdb,a;
prot_1pxa.pdb,a;
prot_1pxb.pdb,a;
prot_1pxc.pdb,a;
prot_1pxg.pdb,a;
prot_1pyd.pdb,a;
prot_1pyy.pdb,a;
prot_1pz4.pdb,a;
prot_1pzy.pdb,a;
prot_1q0c.pdb,a;
prot_1q0n.pdb,a;
prot_1q0s.pdb,a;
prot_1q21.pdb,a;
prot_1q3e.pdb,a;
prot_1q43.pdb,a;
prot_1q4s.pdb,a;
prot_1q54.pdb,a;
prot_1q5h.pdb,a;
prot_1q5o.pdb,a;
prot_1q61.pdb,a;
prot_1q6n.pdb,a;
prot_1q6p.pdb,a;
prot_1q6s.pdb,a;
prot_1q6t.pdb,a;
prot_1q6y.pdb,a;
prot_1q72.pdb,a;
prot_1q8y.pdb,a;
prot_1q97.pdb,a;
prot_1q99.pdb,a;
prot_1q9m.pdb,a;
prot_1qa0.pdb,a;
prot_1qa7.pdb,a;
prot_1qan.pdb,a;
prot_1qb7.pdb,a;
prot_1qb8.pdb,a;
prot_1qbb.pdb,a;
prot_1qbg.pdb,a;
prot_1qbq.pdb,a;
prot_1qbr.pdb,a;
prot_1qbs.pdb,a;
prot_1qbt.pdb,a;
prot_1qbu.pdb,a;
prot_1qbv.pdb,a;
prot_1qcf.pdb,a;
prot_1qci.pdb,a;
prot_1qcj.pdb,a;
prot_1qcp.pdb,a;
prot_1qd1.pdb,a;
prot_1qd2.pdb,a;
prot_1qd6.pdb,a;
prot_1qdq.pdb,a;
prot_1qdr.pdb,a;
prot_1qds.pdb,a;
prot_1qf0.pdb,a;
prot_1qf1.pdb,a;
prot_1qf2.pdb,a;
prot_1qf4.pdb,a;
prot_1qf5.pdb,a;
prot_1qf9.pdb,a;
prot_1qfe.pdb,a;
prot_1qfl.pdb,a;
prot_1qfm.pdb,a;
prot_1qfs.pdb,a;
prot_1qfy.pdb,a;
prot_1qfz.pdb,a;
prot_1qg0.pdb,a;
prot_1qg2.pdb,a;
prot_1qg4.pdb,a;
prot_1qg6.pdb,a;
prot_1qga.pdb,a;
prot_1qgd.pdb,a;
prot_1qgf.pdb,a;
prot_1qgq.pdb,a;
prot_1qgs.pdb,a;
prot_1qgu.pdb,a;
prot_1qgw.pdb,a;
prot_1qgz.pdb,a;
prot_1qh0.pdb,a;
prot_1qh1.pdb,a;
prot_1qh5.pdb,a;
prot_1qh6.pdb,a;
prot_1qh8.pdb,a;
prot_1qha.pdb,a;
prot_1qhf.pdb,a;
prot_1qhg.pdb,a;
prot_1qhh.pdb,a;
prot_1qhj.pdb,a;
prot_1qho.pdb,a;
prot_1qhp.pdb,a;
prot_1qhr.pdb,a;
prot_1qhx.pdb,a;
prot_1qi3.pdb,a;
prot_1qi4.pdb,a;
prot_1qi5.pdb,a;
prot_1qip.pdb,a;
prot_1qiq.pdb,a;
prot_1qir.pdb,a;
prot_1qis.pdb,a;
prot_1qit.pdb,a;
prot_1qj1.pdb,a;
prot_1qj5.pdb,a;
prot_1qj6.pdb,a;
prot_1qj7.pdb,a;
prot_1qjd.pdb,a;
prot_1qje.pdb,a;
prot_1qjf.pdb,a;
prot_1qjg.pdb,a;
prot_1qji.pdb,a;
prot_1qjw.pdb,a;
prot_1qk0.pdb,a;
prot_1qk2.pdb,a;
prot_1qk3.pdb,a;
prot_1qk4.pdb,a;
prot_1qk5.pdb,a;
prot_1qkj.pdb,a;
prot_1qkm.pdb,a;
prot_1qkn.pdb,a;
prot_1qko.pdb,a;
prot_1qkp.pdb,a;
prot_1qkt.pdb,a;
prot_1ql6.pdb,a;
prot_1qlh.pdb,a;
prot_1qll.pdb,a;
prot_1qlt.pdb,a;
prot_1qlu.pdb,a;
prot_1qm5.pdb,a;
prot_1qm8.pdb,a;
prot_1qmh.pdb,a;
prot_1qmq.pdb,a;
prot_1qmz.pdb,a;
prot_1qnf.pdb,a;
prot_1qo8.pdb,a;
prot_1qop.pdb,a;
prot_1qoq.pdb,a;
prot_1qor.pdb,a;
prot_1qov.pdb,a;
prot_1qpb.pdb,a;
prot_1qpe.pdb,a;
prot_1qpg.pdb,a;
prot_1qpj.pdb,a;
prot_1qpk.pdb,a;
prot_1qpq.pdb,a;
prot_1qpr.pdb,a;
prot_1qqm.pdb,a;
prot_1qqn.pdb,a;
prot_1qqo.pdb,a;
prot_1qqs.pdb,a;
prot_1qr2.pdb,a;
prot_1qr6.pdb,a;
prot_1qra.pdb,a;
prot_1qrr.pdb,a;
prot_1qsm.pdb,a;
prot_1qsn.pdb,a;
prot_1qsr.pdb,a;
prot_1qst.pdb,a;
prot_1qti.pdb,a;
prot_1qtn.pdb,a;
prot_1que.pdb,a;
prot_1quf.pdb,a;
prot_1qur.pdb,a;
prot_1qus.pdb,a;
prot_1qvj.pdb,a;
prot_1qxe.pdb,a;
prot_1qyg.pdb,a;
prot_1qzr.pdb,a;
prot_1ra1.pdb,a;
prot_1ra2.pdb,a;
prot_1ra3.pdb,a;
prot_1ra8.pdb,a;
prot_1ra9.pdb,a;
prot_1raa.pdb,a;
prot_1rab.pdb,a;
prot_1rac.pdb,a;
prot_1rad.pdb,a;
prot_1rae.pdb,a;
prot_1raf.pdb,a;
prot_1rag.pdb,a;
prot_1rah.pdb,a;
prot_1rai.pdb,a;
prot_1rb2.pdb,a;
prot_1rb3.pdb,a;
prot_1rc4.pdb,a;
prot_1rca.pdb,a;
prot_1rcf.pdb,a;
prot_1red.pdb,a;
prot_1ree.pdb,a;
prot_1ref.pdb,a;
prot_1rf7.pdb,a;
prot_1rg7.pdb,a;
prot_1rgc.pdb,a;
prot_1rh3.pdb,a;
prot_1rhl.pdb,a;
prot_1rk2.pdb,a;
prot_1rkd.pdb,a;
prot_1rks.pdb,a;
prot_1rls.pdb,a;
prot_1rmh.pdb,a;
prot_1rms.pdb,a;
prot_1rne.pdb,a;
prot_1rnt.pdb,a;
prot_1rob.pdb,a;
prot_1rpf.pdb,a;
prot_1rpg.pdb,a;
prot_1rpj.pdb,a;
prot_1rrg.pdb,a;
prot_1rth.pdb,a;
prot_1ruv.pdb,a;
prot_1rvd.pdb,a;
prot_1rx1.pdb,a;
prot_1rx2.pdb,a;
prot_1rx3.pdb,a;
prot_1rx4.pdb,a;
prot_1rx5.pdb,a;
prot_1rx6.pdb,a;
prot_1rx7.pdb,a;
prot_1rx9.pdb,a;
prot_1rxg.pdb,a;
prot_1ryc.pdb,a;
prot_1sbg.pdb,a;
prot_1scf.pdb,a;
prot_1scn.pdb,a;
prot_1scu.pdb,a;
prot_1sdk.pdb,a;
prot_1set.pdb,a;
prot_1sft.pdb,a;
prot_1sgc.pdb,a;
prot_1siv.pdb,a;
prot_1sli.pdb,a;
prot_1sln.pdb,a;
prot_1sox.pdb,a;
prot_1spa.pdb,a;
prot_1sre.pdb,a;
prot_1srf.pdb,a;
prot_1srg.pdb,a;
prot_1srh.pdb,a;
prot_1sri.pdb,a;
prot_1srj.pdb,a;
prot_1sue.pdb,a;
prot_1sup.pdb,a;
prot_1swd.pdb,a;
prot_1swe.pdb,a;
prot_1swk.pdb,a;
prot_1swn.pdb,a;
prot_1swp.pdb,a;
prot_1swr.pdb,a;
prot_1swt.pdb,a;
prot_1syn.pdb,a;
prot_1szj.pdb,a;
prot_1t27.pdb,a;
prot_1tad.pdb,a;
prot_1tag.pdb,a;
prot_1tar.pdb,a;
prot_1tbz.pdb,a;
prot_1tc1.pdb,a;
prot_1tc2.pdb,a;
prot_1tcb.pdb,a;
prot_1tcc.pdb,a;
prot_1tco.pdb,a;
prot_1tcw.pdb,a;
prot_1tcx.pdb,a;
prot_1tde.pdb,a;
prot_1tdf.pdb,a;
prot_1tdr.pdb,a;
prot_1tdu.pdb,a;
prot_1tem.pdb,a;
prot_1the.pdb,a;
prot_1thl.pdb,a;
prot_1ti7.pdb,a;
prot_1tio.pdb,a;
prot_1tip.pdb,a;
prot_1tkb.pdb,a;
prot_1tlc.pdb,a;
prot_1tmk.pdb,a;
prot_1tmo.pdb,a;
prot_1tnd.pdb,a;
prot_1tng.pdb,a;
prot_1tnh.pdb,a;
prot_1tni.pdb,a;
prot_1tnj.pdb,a;
prot_1tnk.pdb,a;
prot_1tnl.pdb,a;
prot_1tom.pdb,a;
prot_1tox.pdb,a;
prot_1tpb.pdb,a;
prot_1tpc.pdb,a;
prot_1tph.pdb,a;
prot_1tpp.pdb,a;
prot_1tps.pdb,a;
prot_1tpu.pdb,a;
prot_1tpv.pdb,a;
prot_1tpw.pdb,a;
prot_1trb.pdb,a;
prot_1trd.pdb,a;
prot_1trg.pdb,a;
prot_1trk.pdb,a;
prot_1trm.pdb,a;
prot_1trn.pdb,a;
prot_1trp.pdb,a;
prot_1trq.pdb,a;
prot_1try.pdb,a;
prot_1tsd.pdb,a;
prot_1tsl.pdb,a;
prot_1tsn.pdb,a;
prot_1tsx.pdb,a;
prot_1tsy.pdb,a;
prot_1tti.pdb,a;
prot_1ttj.pdb,a;
prot_1ttp.pdb,a;
prot_1ttq.pdb,a;
prot_1tvu.pdb,a;
prot_1tvv.pdb,a;
prot_1tvw.pdb,a;
prot_1tx4.pdb,a;
prot_1tys.pdb,a;
prot_1tyu.pdb,a;
prot_1tyw.pdb,a;
prot_1tyx.pdb,a;
prot_1uad.pdb,a;
prot_1uag.pdb,a;
prot_1uaq.pdb,a;
prot_1uay.pdb,a;
prot_1ub3.pdb,a;
prot_1ubs.pdb,a;
prot_1ubw.pdb,a;
prot_1uby.pdb,a;
prot_1uc4.pdb,a;
prot_1uc5.pdb,a;
prot_1uc9.pdb,a;
prot_1uca.pdb,a;
prot_1ucc.pdb,a;
prot_1ucn.pdb,a;
prot_1uda.pdb,a;
prot_1udc.pdb,a;
prot_1udh.pdb,a;
prot_1ugx.pdb,a;
prot_1uio.pdb,a;
prot_1uip.pdb,a;
prot_1uke.pdb,a;
prot_1uky.pdb,a;
prot_1ukz.pdb,a;
prot_1uma.pdb,a;
prot_1upf.pdb,a;
prot_1upu.pdb,a;
prot_1uvt.pdb,a;
prot_1uxy.pdb,a;
prot_1v1k.pdb,a;
prot_1v39.pdb,a;
prot_1vao.pdb,a;
prot_1vbt.pdb,a;
prot_1vcj.pdb,a;
prot_1vdc.pdb,a;
prot_1vfn.pdb,a;
prot_1vfr.pdb,a;
prot_1vgc.pdb,a;
prot_1vid.pdb,a;
prot_1vik.pdb,a;
prot_1vj3.pdb,a;
prot_1vm1.pdb,a;
prot_1vom.pdb,a;
prot_1vot.pdb,a;
prot_1vp3.pdb,a;
prot_1vp9.pdb,a;
prot_1vpe.pdb,a;
prot_1vpo.pdb,a;
prot_1vpt.pdb,a;
prot_1vru.pdb,a;
prot_1vza.pdb,a;
prot_1vzb.pdb,a;
prot_1vzc.pdb,a;
prot_1vzd.pdb,a;
prot_1vze.pdb,a;
prot_1wbl.pdb,a;
prot_1wht.pdb,a;
prot_1wq1.pdb,a;
prot_1xan.pdb,a;
prot_1xel.pdb,a;
prot_1xid.pdb,a;
prot_1xie.pdb,a;
prot_1xig.pdb,a;
prot_1xih.pdb,a;
prot_1xii.pdb,a;
prot_1xij.pdb,a;
prot_1xim.pdb,a;
prot_1xka.pdb,a;
prot_1xkb.pdb,a;
prot_1xlf.pdb,a;
prot_1xli.pdb,a;
prot_1xlj.pdb,a;
prot_1xlm.pdb,a;
prot_1xug.pdb,a;
prot_1xui.pdb,a;
prot_1xva.pdb,a;
prot_1xyb.pdb,a;
prot_1xyc.pdb,a;
prot_1xzc.pdb,a;
prot_1xzk.pdb,a;
prot_1xzl.pdb,a;
prot_1xzm.pdb,a;
prot_1yaa.pdb,a;
prot_1yag.pdb,a;
prot_1yda.pdb,a;
prot_1ydb.pdb,a;
prot_1ydd.pdb,a;
prot_1ydr.pdb,a;
prot_1yds.pdb,a;
prot_1ydt.pdb,a;
prot_1yec.pdb,a;
prot_1yee.pdb,a;
prot_1yef.pdb,a;
prot_1yeg.pdb,a;
prot_1yei.pdb,a;
prot_1yej.pdb,a;
prot_1yek.pdb,a;
prot_1yet.pdb,a;
prot_1ykf.pdb,a;
prot_1ylv.pdb,a;
prot_1yoo.pdb,a;
prot_1ypn.pdb,a;
prot_1yvn.pdb,a;
prot_1yyy.pdb,a;
prot_1z1h.pdb,a;
prot_1z1r.pdb,a;
prot_1zap.pdb,a;
prot_1zei.pdb,a;
prot_1zin.pdb,a;
prot_1zio.pdb,a;
prot_1zip.pdb,a;
prot_1zpr.pdb,a;
prot_1zsb.pdb,a;
prot_1zzz.pdb,a;
prot_20gs.pdb,a;
prot_210l.pdb,a;
prot_221p.pdb,a;
prot_225l.pdb,a;
prot_25c8.pdb,a;
prot_2a3h.pdb,a;
prot_2aad.pdb,a;
prot_2ace.pdb,a;
prot_2ack.pdb,a;
prot_2acq.pdb,a;
prot_2acr.pdb,a;
prot_2acs.pdb,a;
prot_2acu.pdb,a;
prot_2ada.pdb,a;
prot_2adm.pdb,a;
prot_2ae2.pdb,a;
prot_2aid.pdb,a;
prot_2aky.pdb,a;
prot_2amv.pdb,a;
prot_2ans.pdb,a;
prot_2arc.pdb,a;
prot_2atj.pdb,a;
prot_2ay1.pdb,a;
prot_2ay2.pdb,a;
prot_2ay3.pdb,a;
prot_2ay4.pdb,a;
prot_2ay5.pdb,a;
prot_2ay6.pdb,a;
prot_2ay7.pdb,a;
prot_2ay8.pdb,a;
prot_2ay9.pdb,a;
prot_2bat.pdb,a;
prot_2bbq.pdb,a;
prot_2bef.pdb,a;
prot_2bfv.pdb,a;
prot_2bgu.pdb,a;
prot_2bif.pdb,a;
prot_2bir.pdb,a;
prot_2bkj.pdb,a;
prot_2bpv.pdb,a;
prot_2bpy.pdb,a;
prot_2bpz.pdb,a;
prot_2bu4.pdb,a;
prot_2bup.pdb,a;
prot_2bza.pdb,a;
prot_2can.pdb,a;
prot_2cbs.pdb,a;
prot_2cd2.pdb,a;
prot_2cgr.pdb,a;
prot_2cmk.pdb,a;
prot_2cp4.pdb,a;
prot_2cpp.pdb,a;
prot_2csc.pdb,a;
prot_2csn.pdb,a;
prot_2cst.pdb,a;
prot_2ctc.pdb,a;
prot_2cut.pdb,a;
prot_2cxg.pdb,a;
prot_2dab.pdb,a;
prot_2dap.pdb,a;
prot_2dbv.pdb,a;
prot_2dhf.pdb,a;
prot_2dln.pdb,a;
prot_2dor.pdb,a;
prot_2dpg.pdb,a;
prot_2dpm.pdb,a;
prot_2drc.pdb,a;
prot_2dri.pdb,a;
prot_2eug.pdb,a;
prot_2fap.pdb,a;
prot_2fax.pdb,a;
prot_2fcr.pdb,a;
prot_2fdx.pdb,a;
prot_2fgi.pdb,a;
prot_2flv.pdb,a;
prot_2fox.pdb,a;
prot_2fvx.pdb,a;
prot_2fx2.pdb,a;
prot_2glr.pdb,a;
prot_2gpa.pdb,a;
prot_2gpb.pdb,a;
prot_2gsa.pdb,a;
prot_2gsq.pdb,a;
prot_2gss.pdb,a;
prot_2gst.pdb,a;
prot_2gyi.pdb,a;
prot_2h4n.pdb,a;
prot_2hdh.pdb,a;
prot_2hgs.pdb,a;
prot_2hmb.pdb,a;
prot_2hoh.pdb,a;
prot_2ifb.pdb,a;
prot_2izf.pdb,a;
prot_2izg.pdb,a;
prot_2izh.pdb,a;
prot_2izi.pdb,a;
prot_2izj.pdb,a;
prot_2izk.pdb,a;
prot_2izl.pdb,a;
prot_2kce.pdb,a;
prot_2lbd.pdb,a;
prot_2lh6.pdb,a;
prot_2lh7.pdb,a;
prot_2lig.pdb,a;
prot_2lpr.pdb,a;
prot_2mas.pdb,a;
prot_2mbr.pdb,a;
prot_2min.pdb,a;
prot_2nad.pdb,a;
prot_2nap.pdb,a;
prot_2ncd.pdb,a;
prot_2ngr.pdb,a;
prot_2nlr.pdb,a;
prot_2npx.pdb,a;
prot_2oat.pdb,a;
prot_2ohx.pdb,a;
prot_2oxi.pdb,a;
prot_2pax.pdb,a;
prot_2pcp.pdb,a;
prot_2pgt.pdb,a;
prot_2pia.pdb,a;
prot_2pka.pdb,a;
prot_2por.pdb,a;
prot_2prc.pdb,a;
prot_2prg.pdb,a;
prot_2pri.pdb,a;
prot_2pva.pdb,a;
prot_2q21.pdb,a;
prot_2qr2.pdb,a;
prot_2qwb.pdb,a;
prot_2qwd.pdb,a;
prot_2qwe.pdb,a;
prot_2qwf.pdb,a;
prot_2qwg.pdb,a;
prot_2qwh.pdb,a;
prot_2qwi.pdb,a;
prot_2qwj.pdb,a;
prot_2qwk.pdb,a;
prot_2rtd.pdb,a;
prot_2rte.pdb,a;
prot_2rtf.pdb,a;
prot_2rtg.pdb,a;
prot_2rth.pdb,a;
prot_2rti.pdb,a;
prot_2rtj.pdb,a;
prot_2rtk.pdb,a;
prot_2rtl.pdb,a;
prot_2rtm.pdb,a;
prot_2rtn.pdb,a;
prot_2rto.pdb,a;
prot_2rtp.pdb,a;
prot_2rtq.pdb,a;
prot_2rtr.pdb,a;
prot_2scu.pdb,a;
prot_2sfp.pdb,a;
prot_2shp.pdb,a;
prot_2sim.pdb,a;
prot_2sli.pdb,a;
prot_2sqc.pdb,a;
prot_2src.pdb,a;
prot_2std.pdb,a;
prot_2tbs.pdb,a;
prot_2tcl.pdb,a;
prot_2tct.pdb,a;
prot_2tgd.pdb,a;
prot_2tio.pdb,a;
prot_2tmd.pdb,a;
prot_2tmk.pdb,a;
prot_2tod.pdb,a;
prot_2tpl.pdb,a;
prot_2tpr.pdb,a;
prot_2trs.pdb,a;
prot_2trt.pdb,a;
prot_2tsc.pdb,a;
prot_2tsy.pdb,a;
prot_2tys.pdb,a;
prot_2uag.pdb,a;
prot_2udp.pdb,a;
prot_2ukd.pdb,a;
prot_2usn.pdb,a;
prot_2vgc.pdb,a;
prot_2vp3.pdb,a;
prot_2web.pdb,a;
prot_2wec.pdb,a;
prot_2wsy.pdb,a;
prot_2xin.pdb,a;
prot_2xyl.pdb,a;
prot_2yhx.pdb,a;
prot_2ypi.pdb,a;
prot_2ypn.pdb,a;
prot_35c8.pdb,a;
prot_3a3h.pdb,a;
prot_3aid.pdb,a;
prot_3aky.pdb,a;
prot_3amv.pdb,a;
prot_3bir.pdb,a;
prot_3bls.pdb,a;
prot_3bto.pdb,a;
prot_3bu4.pdb,a;
prot_3ca2.pdb,a;
prot_3cbs.pdb,a;
prot_3cd2.pdb,a;
prot_3cgt.pdb,a;
prot_3cox.pdb,a;
prot_3cp4.pdb,a;
prot_3cpp.pdb,a;
prot_3csc.pdb,a;
prot_3csj.pdb,a;
prot_3dap.pdb,a;
prot_3dbv.pdb,a;
prot_3dfr.pdb,a;
prot_3dhe.pdb,a;
prot_3dmr.pdb,a;
prot_3drc.pdb,a;
prot_3erk.pdb,a;
prot_3fap.pdb,a;
prot_3fx2.pdb,a;
prot_3fyg.pdb,a;
prot_3gal.pdb,a;
prot_3gpb.pdb,a;
prot_3grs.pdb,a;
prot_3grt.pdb,a;
prot_3gsp.pdb,a;
prot_3gss.pdb,a;
prot_3gst.pdb,a;
prot_3had.pdb,a;
prot_3hoh.pdb,a;
prot_3hsc.pdb,a;
prot_3jdw.pdb,a;
prot_3kar.pdb,a;
prot_3lad.pdb,a;
prot_3lbd.pdb,a;
prot_3lkf.pdb,a;
prot_3lpr.pdb,a;
prot_3mag.pdb,a;
prot_3mct.pdb,a;
prot_3mdd.pdb,a;
prot_3mde.pdb,a;
prot_3min.pdb,a;
prot_3nll.pdb,a;
prot_3nos.pdb,a;
prot_3pah.pdb,a;
prot_3pax.pdb,a;
prot_3pgt.pdb,a;
prot_3por.pdb,a;
prot_3prc.pdb,a;
prot_3pro.pdb,a;
prot_3ptb.pdb,a;
prot_3pyp.pdb,a;
prot_3rab.pdb,a;
prot_3rap.pdb,a;
prot_3rhn.pdb,a;
prot_3sga.pdb,a;
prot_3sli.pdb,a;
prot_3std.pdb,a;
prot_3tmk.pdb,a;
prot_3uag.pdb,a;
prot_3ukd.pdb,a;
prot_3upj.pdb,a;
prot_3vgc.pdb,a;
prot_3xim.pdb,a;
prot_421p.pdb,a;
prot_43ca.pdb,a;
prot_456c.pdb,a;
prot_4a3h.pdb,a;
prot_4aah.pdb,a;
prot_4aig.pdb,a;
prot_4blc.pdb,a;
prot_4bu4.pdb,a;
prot_4cd2.pdb,a;
prot_4cp4.pdb,a;
prot_4cpp.pdb,a;
prot_4csc.pdb,a;
prot_4daa.pdb,a;
prot_4dbv.pdb,a;
prot_4dcg.pdb,a;
prot_4dfr.pdb,a;
prot_4dmr.pdb,a;
prot_4eng.pdb,a;
prot_4er1.pdb,a;
prot_4erk.pdb,a;
prot_4est.pdb,a;
prot_4fbp.pdb,a;
prot_4fua.pdb,a;
prot_4fx2.pdb,a;
prot_4gpb.pdb,a;
prot_4gr1.pdb,a;
prot_4gsa.pdb,a;
prot_4gsp.pdb,a;
prot_4gss.pdb,a;
prot_4gst.pdb,a;
prot_4hoh.pdb,a;
prot_4lbd.pdb,a;
prot_4lip.pdb,a;
prot_4mdh.pdb,a;
prot_4nll.pdb,a;
prot_4ovw.pdb,a;
prot_4pah.pdb,a;
prot_4pbg.pdb,a;
prot_4pfk.pdb,a;
prot_4pgt.pdb,a;
prot_4phv.pdb,a;
prot_4rhn.pdb,a;
prot_4rsk.pdb,a;
prot_4sli.pdb,a;
prot_4std.pdb,a;
prot_4thi.pdb,a;
prot_4tim.pdb,a;
prot_4tln.pdb,a;
prot_4tmk.pdb,a;
prot_4uag.pdb,a;
prot_4ukd.pdb,a;
prot_4upj.pdb,a;
prot_4vgc.pdb,a;
prot_4xia.pdb,a;
prot_5a3h.pdb,a;
prot_5abp.pdb,a;
prot_5acn.pdb,a;
prot_5bir.pdb,a;
prot_5bj3.pdb,a;
prot_5bj4.pdb,a;
prot_5bu4.pdb,a;
prot_5cna.pdb,a;
prot_5cp4.pdb,a;
prot_5cpp.pdb,a;
prot_5cts.pdb,a;
prot_5eaa.pdb,a;
prot_5eau.pdb,a;
prot_5enl.pdb,a;
prot_5er1.pdb,a;
prot_5est.pdb,a;
prot_5eug.pdb,a;
prot_5fbp.pdb,a;
prot_5fit.pdb,a;
prot_5fwg.pdb,a;
prot_5fx2.pdb,a;
prot_5grt.pdb,a;
prot_5gsp.pdb,a;
prot_5gss.pdb,a;
prot_5hoh.pdb,a;
prot_5mdh.pdb,a;
prot_5nll.pdb,a;
prot_5nse.pdb,a;
prot_5nuc.pdb,a;
prot_5nul.pdb,a;
prot_5p21.pdb,a;
prot_5p2p.pdb,a;
prot_5pah.pdb,a;
prot_5prc.pdb,a;
prot_5rhn.pdb,a;
prot_5std.pdb,a;
prot_5tmp.pdb,a;
prot_5ukd.pdb,a;
prot_5ull.pdb,a;
prot_5upj.pdb,a;
prot_5xia.pdb,a;
prot_5yas.pdb,a;
prot_621p.pdb,a;
prot_6a3h.pdb,a;
prot_6abp.pdb,a;
prot_6acn.pdb,a;
prot_6ald.pdb,a;
prot_6atj.pdb,a;
prot_6cp4.pdb,a;
prot_6cpa.pdb,a;
prot_6csc.pdb,a;
prot_6dfr.pdb,a;
prot_6enl.pdb,a;
prot_6gsp.pdb,a;
prot_6gss.pdb,a;
prot_6gsu.pdb,a;
prot_6gsv.pdb,a;
prot_6gsw.pdb,a;
prot_6gsx.pdb,a;
prot_6gsy.pdb,a;
prot_6jdw.pdb,a;
prot_6lpr.pdb,a;
prot_6nse.pdb,a;
prot_6nul.pdb,a;
prot_6prc.pdb,a;
prot_6q21.pdb,a;
prot_6rsa.pdb,a;
prot_6std.pdb,a;
prot_6tim.pdb,a;
prot_6upj.pdb,a;
prot_721p.pdb,a;
prot_7aat.pdb,a;
prot_7abp.pdb,a;
prot_7acn.pdb,a;
prot_7cpa.pdb,a;
prot_7cpp.pdb,a;
prot_7dfr.pdb,a;
prot_7enl.pdb,a;
prot_7gsp.pdb,a;
prot_7gss.pdb,a;
prot_7jdw.pdb,a;
prot_7lpr.pdb,a;
prot_7nse.pdb,a;
prot_7odc.pdb,a;
prot_7taa.pdb,a;
prot_7tim.pdb,a;
prot_7tln.pdb,a;
prot_7upj.pdb,a;
prot_821p.pdb,a;
prot_830c.pdb,a;
prot_8a3h.pdb,a;
prot_8aat.pdb,a;
prot_8abp.pdb,a;
prot_8acn.pdb,a;
prot_8atc.pdb,a;
prot_8cgt.pdb,a;
prot_8cpa.pdb,a;
prot_8cpp.pdb,a;
prot_8dfr.pdb,a;
prot_8est.pdb,a;
prot_8gpb.pdb,a;
prot_8gss.pdb,a;
prot_8lpr.pdb,a;
prot_8nse.pdb,a;
prot_8rsa.pdb,a;
prot_966c.pdb,a;
prot_9aat.pdb,a;
prot_9abp.pdb,a;
prot_9cgt.pdb,a;
prot_9est.pdb,a;
prot_9gss.pdb,a;
prot_9ldb.pdb,a;
prot_9ldt.pdb,a;
prot_9lpr.pdb,a;
prot_9xia.pdb,a;
